證券代號,交易日,成交股數,成交筆數,成交金額,開盤價,最高價,最低價,收盤價,漲跌價差,最後揭示買價,最後揭示買量,最後揭示賣價,最後揭示賣量,本益比
0050,2021-12-17,4979845,5392,706093154,141.55,142.0,141.2,141.9,0.15,141.9,81,141.95,42,0.0
0051,2021-12-17,66568,63,3979901,59.85,59.95,59.65,59.75,0.05,59.7,4,59.75,2,0.0
0052,2021-12-17,1450274,271,188801030,129.65,130.45,129.65,130.35,0.45,130.35,64,130.5,32,0.0
0053,2021-12-17,5164,31,351693,68.05,68.35,68.05,68.1,0.2,68.1,25,68.3,1,0.0
0054,2021-12-17,1119,25,34542,30.94,30.94,30.94,30.94,0.09,30.69,24,30.95,1,0.0
0055,2021-12-17,599078,335,14546886,24.15,24.34,24.15,24.29,0.14,24.29,15,24.3,9,0.0
0056,2021-12-17,21971694,15915,734500278,33.4,33.47,33.3,33.43,0.02,33.42,74,33.43,138,0.0
0057,2021-12-17,22767,44,2221444,97.7,97.7,97.65,97.65,0.15,97.65,20,98.1,45,0.0
0061,2021-12-17,163086,110,3780285,23.34,23.44,23.09,23.2,0.17,23.15,2,23.2,11,0.0
006203,2021-12-17,1305,41,88470,68.2,68.2,68.2,68.2,0.15,68.1,1,68.15,35,0.0
006204,2021-12-17,24280,47,2167326,89.3,89.35,89.1,89.1,0.35,89.3,50,89.45,1,0.0
006205,2021-12-17,933943,173,35063793,37.7,37.84,37.39,37.44,0.3,37.44,46,37.48,1,0.0
006206,2021-12-17,99057,75,3597917,36.63,36.7,36.19,36.25,0.41,36.24,2,36.3,1,0.0
006207,2021-12-17,29312,45,889403,30.5,30.5,30.27,30.34,0.22,30.27,2,30.34,16,0.0
006208,2021-12-17,1367321,1649,109203802,79.75,80.05,79.5,79.95,0.0,79.95,56,80.0,110,0.0
00625K,2021-12-17,0,0,0,,,,,0.0,8.57,5,8.8,2,0.0
00631L,2021-12-17,1411964,458,195626331,138.05,139.3,137.85,138.8,0.35,138.8,55,138.85,14,0.0
00632R,2021-12-17,54411289,2032,286685078,5.28,5.29,5.25,5.27,0.02,5.26,12838,5.27,12484,0.0
00633L,2021-12-17,5505565,1197,316175442,58.2,58.65,56.75,56.95,1.1,56.95,70,57.0,3,0.0
00634R,2021-12-17,457000,60,1770500,3.83,3.89,3.83,3.88,0.02,3.88,90,3.89,504,0.0
00635U,2021-12-17,394755,209,9448259,23.89,23.98,23.88,23.97,0.29,23.97,1,23.98,224,0.0
00636,2021-12-17,1313179,287,33448226,25.7,25.75,25.34,25.4,0.26,25.4,23,25.41,61,0.0
00636K,2021-12-17,200,2,1820,9.1,9.1,9.1,9.1,0.1,9.08,10,9.16,10,0.0
00637L,2021-12-17,29656033,6337,676266606,23.12,23.28,22.5,22.59,0.41,22.59,449,22.6,32,0.0
00638R,2021-12-17,2037000,114,16239820,7.91,8.01,7.88,8.0,0.08,7.99,108,8.0,20,0.0
00639,2021-12-17,504548,154,8533200,17.01,17.1,16.82,16.85,0.16,16.85,16,16.86,25,0.0
00640L,2021-12-17,368100,146,10949302,29.97,30.04,29.51,29.54,0.79,29.53,2,29.54,26,0.0
00641R,2021-12-17,76000,27,766180,10.03,10.13,10.02,10.13,0.16,10.11,100,10.13,2,0.0
00642U,2021-12-17,3364834,738,42736392,12.68,12.75,12.63,12.63,0.0,12.63,500,12.64,67,0.0
00643,2021-12-17,222638,107,4263286,19.26,19.31,19.02,19.07,0.19,19.07,20,19.08,1,0.0
00643K,2021-12-17,0,0,0,,,,,0.0,4.38,1,4.46,1,0.0
00645,2021-12-17,136254,70,3575373,26.4,26.43,26.19,26.21,0.25,26.18,50,26.19,1,0.0
00646,2021-12-17,448264,361,17904624,39.98,40.02,39.84,39.88,0.47,39.88,3,39.91,37,0.0
00647L,2021-12-17,155297,79,11886238,76.75,76.9,76.15,76.4,1.95,76.35,2,76.4,48,0.0
00648R,2021-12-17,2154000,112,13956880,6.46,6.5,6.46,6.5,0.09,6.49,1,6.5,1332,0.0
00650L,2021-12-17,2916081,687,58335081,20.22,20.47,19.85,19.92,0.21,19.92,6,19.94,2,0.0
00651R,2021-12-17,1122124,41,9035055,8.0,8.07,7.96,8.05,0.02,8.05,47,8.07,147,0.0
00652,2021-12-17,132712,159,3726324,28.34,28.34,27.9,27.91,0.47,27.9,2,27.91,1,0.0
00653L,2021-12-17,661879,353,28874247,44.28,44.44,43.04,43.18,1.31,43.17,1,43.18,42,0.0
00654R,2021-12-17,191000,59,1605950,8.34,8.46,8.32,8.46,0.12,8.46,8,8.47,142,0.0
00655L,2021-12-17,1488925,628,64289387,43.8,44.13,42.65,42.81,0.84,42.81,123,42.82,3,0.0
00656R,2021-12-17,31000,12,226520,7.27,7.33,7.27,7.32,0.08,7.3,245,7.31,2,0.0
00657,2021-12-17,5546,43,190809,34.63,34.63,34.31,34.31,0.54,34.23,1,34.29,30,0.0
00657K,2021-12-17,200,2,2466,12.33,12.33,12.33,12.33,0.19,12.29,10,12.36,10,0.0
00660,2021-12-17,3513,28,104516,29.92,29.92,29.7,29.7,0.39,29.64,22,29.76,40,0.0
00661,2021-12-17,9025,49,323523,36.07,36.07,35.78,35.78,0.46,35.7,3,35.78,13,0.0
00662,2021-12-17,1521489,1008,86689942,57.45,57.45,56.8,56.85,1.7,56.85,74,56.9,14,0.0
00663L,2021-12-17,25000,6,3142500,126.05,126.35,125.3,125.85,0.5,126.05,160,126.3,50,0.0
00664R,2021-12-17,2542378,216,15165521,5.97,5.99,5.95,5.95,0.0,5.95,7483,5.96,275,0.0
00665L,2021-12-17,1019000,300,14589070,14.47,14.65,14.19,14.27,0.15,14.27,1,14.28,39,0.0
00666R,2021-12-17,75000,6,1019340,13.38,13.6,13.37,13.6,0.07,13.44,33,13.59,108,0.0
00668,2021-12-17,26066,49,943759,36.2,36.27,36.14,36.14,0.16,36.14,21,36.15,1,0.0
00668K,2021-12-17,200,2,2596,12.98,12.98,12.98,12.98,0.05,12.92,10,13.02,10,0.0
00669R,2021-12-17,1909000,199,14508490,7.59,7.62,7.58,7.62,0.03,7.61,68,7.62,1093,0.0
00670L,2021-12-17,1657582,1083,197939396,119.4,120.0,118.05,118.9,7.4,118.85,10,118.9,10,0.0
00671R,2021-12-17,13164500,529,66097485,5.01,5.04,4.99,5.03,0.15,5.02,553,5.03,157,0.0
00673R,2021-12-17,1220981,259,17157072,14.06,14.14,14.0,14.12,0.02,14.12,479,14.14,310,0.0
00674R,2021-12-17,158000,34,2063840,13.08,13.08,13.04,13.04,0.17,13.04,12,13.05,60,0.0
00675L,2021-12-17,237380,133,12852047,54.05,54.45,53.9,54.25,0.25,54.25,209,54.35,3,0.0
00676R,2021-12-17,3058000,183,9974850,3.27,3.27,3.25,3.26,0.01,3.25,3286,3.26,1633,0.0
00678,2021-12-17,442721,58,11799437,26.63,26.72,26.62,26.65,0.3,26.65,1,26.66,1,0.0
00680L,2021-12-17,20000,14,515580,25.66,25.84,25.66,25.8,0.04,25.76,3,25.8,94,0.0
00681R,2021-12-17,19000,12,245660,12.94,12.94,12.91,12.92,0.0,12.91,5,12.92,16,0.0
00682U,2021-12-17,194000,70,3673320,18.95,18.96,18.92,18.92,0.06,18.92,3,18.94,45,0.0
00683L,2021-12-17,2098200,269,38781925,18.48,18.54,18.44,18.46,0.21,18.45,15,18.46,4,0.0
00684R,2021-12-17,0,0,0,,,,,0.0,17.86,50,17.92,25,0.0
00685L,2021-12-17,0,0,0,,,,,0.0,47.6,1,47.73,5,0.0
00686R,2021-12-17,152000,31,541060,3.57,3.57,3.54,3.55,0.0,3.55,22,3.56,201,0.0
00688L,2021-12-17,0,0,0,,,,,0.0,25.73,100,25.78,57,0.0
00689R,2021-12-17,24000,4,326630,13.61,13.61,13.6,13.6,0.01,13.58,1,13.59,59,0.0
00690,2021-12-17,27069,54,905919,33.37,33.52,33.37,33.48,0.04,33.46,24,33.48,1,0.0
00692,2021-12-17,1340343,1000,47055916,35.09,35.16,35.05,35.15,0.03,35.15,26,35.16,3,0.0
00693U,2021-12-17,251158,75,5073221,20.2,20.22,20.17,20.18,0.04,20.16,295,20.18,2,0.0
00700,2021-12-17,363666,89,5374529,14.95,14.95,14.72,14.74,0.08,14.75,3,14.78,1,0.0
00701,2021-12-17,157910,189,4182799,26.45,26.51,26.41,26.5,0.03,26.49,102,26.5,31,0.0
00702,2021-12-17,138883,74,2834979,20.28,20.45,20.28,20.41,0.19,20.39,26,20.41,2,0.0
00703,2021-12-17,59106,59,1114876,18.86,19.2,18.78,18.78,0.08,18.78,25,18.8,20,0.0
00706L,2021-12-17,73000,14,1075270,14.68,14.76,14.68,14.76,0.14,14.72,52,14.76,34,0.0
00707R,2021-12-17,0,0,0,,,,,0.0,20.27,10,20.32,25,0.0
00708L,2021-12-17,2210831,662,57293489,25.81,26.03,25.81,25.99,0.62,25.99,205,26.0,1,0.0
00709,2021-12-17,102413,38,2394186,23.43,23.43,23.32,23.32,0.24,23.31,30,23.4,20,0.0
00710B,2021-12-17,510424,193,9211019,18.05,18.06,18.02,18.06,0.01,18.05,18,18.06,26,0.0
00711B,2021-12-17,129216,48,2640272,20.4,20.44,20.39,20.44,0.02,20.4,179,20.42,2,0.0
00712,2021-12-17,16023418,8263,214678734,13.45,13.45,13.38,13.38,0.1,13.38,1749,13.39,50,0.0
00713,2021-12-17,1110625,596,46927237,42.26,42.3,42.2,42.26,0.0,42.26,51,42.27,1,0.0
00714,2021-12-17,182061,42,4199111,23.02,23.14,23.02,23.06,0.04,23.04,6,23.07,1,0.0
00715L,2021-12-17,28279086,3353,265627002,9.4,9.48,9.29,9.29,0.06,9.29,4516,9.3,63,0.0
00717,2021-12-17,661057,149,10960644,16.56,16.6,16.56,16.59,0.05,16.58,61,16.59,2,0.0
00728,2021-12-17,330639,169,9989037,30.13,30.3,30.11,30.2,0.03,30.19,1,30.2,5,0.0
00730,2021-12-17,504824,315,9860145,19.52,19.59,19.49,19.51,0.01,19.51,1,19.52,1,0.0
00731,2021-12-17,1177907,236,68694769,58.35,58.55,58.2,58.4,0.05,58.4,8,58.45,21,0.0
00732,2021-12-17,100000,2,4015000,40.15,40.15,40.15,40.15,0.02,39.87,28,40.2,2,0.0
00733,2021-12-17,207737,166,8489957,40.78,41.13,40.75,40.81,0.2,40.8,9,40.86,2,0.0
00735,2021-12-17,104328,32,3418486,32.77,32.77,32.74,32.77,0.11,32.75,15,32.77,1,0.0
00736,2021-12-17,100264,40,2176580,21.71,21.71,21.71,21.71,0.04,21.66,2,21.74,20,0.0
00737,2021-12-17,281270,145,9198508,32.78,32.8,32.57,32.68,0.89,32.66,3,32.68,29,0.0
00738U,2021-12-17,765778,277,17523420,22.83,22.95,22.82,22.87,0.32,22.86,7,22.88,175,0.0
00739,2021-12-17,78536,57,2244140,28.67,28.67,28.41,28.45,0.21,28.44,88,28.45,2,0.0
00742,2021-12-17,102524,32,2384815,23.31,23.31,23.26,23.26,0.05,23.3,1,23.32,1,0.0
00743,2021-12-17,6006,9,180696,30.1,30.1,30.08,30.08,0.32,29.87,1,30.06,1,0.0
00752,2021-12-17,5102064,2690,108673800,21.5,21.55,21.2,21.2,0.29,21.2,36,21.21,31,0.0
00753L,2021-12-17,1285404,750,27375955,21.57,21.73,21.07,21.08,0.43,21.08,43,21.09,26,0.0
00757,2021-12-17,5499744,5726,273885298,49.55,49.99,49.55,49.84,1.41,49.84,5,49.86,1,0.0
00762,2021-12-17,1075632,656,47126561,43.87,43.96,43.6,43.75,1.59,43.75,1,43.78,50,0.0
00763U,2021-12-17,47008,24,1304229,27.81,27.83,27.68,27.68,0.25,27.68,54,27.69,1,0.0
00770,2021-12-17,297564,108,11759442,39.57,39.6,39.3,39.43,1.31,39.43,100,39.47,20,0.0
00771,2021-12-17,92489,38,1739507,18.81,18.83,18.79,18.83,0.08,18.82,4,18.83,3,0.0
00774B,2021-12-17,2928,41,116968,40.31,40.31,40.31,40.31,0.04,40.11,10,40.52,3,0.0
00774C,2021-12-17,0,0,0,,,,,0.0,9.23,5,9.33,2,0.0
00775B,2021-12-17,2316,41,96834,42.0,42.0,42.0,42.0,0.15,41.9,100,42.1,5,0.0
00783,2021-12-17,379604,42,9344439,24.76,24.76,24.58,24.61,0.15,24.59,34,24.61,2,0.0
008201,2021-12-17,0,0,0,,,,,0.0,119.5,4,120.55,1,0.0
00830,2021-12-17,3153686,1610,105073695,33.45,33.45,33.17,33.29,1.43,33.29,29,33.32,5,0.0
00850,2021-12-17,404295,368,14204618,35.16,35.17,35.05,35.14,0.12,35.14,46,35.15,36,0.0
00851,2021-12-17,121059,83,4280354,36.12,36.12,35.16,35.2,1.37,35.23,20,35.28,20,0.0
00852L,2021-12-17,499787,80,11215880,22.44,22.5,22.34,22.35,0.16,22.34,250,22.35,4,0.0
00861,2021-12-17,416278,169,13211087,31.89,31.89,31.59,31.72,0.46,31.69,1,31.72,43,0.0
00865B,2021-12-17,102394,46,3752114,36.3,36.81,36.3,36.81,0.18,36.52,70,36.63,29,0.0
00875,2021-12-17,291045,226,8773239,30.24,30.24,30.06,30.12,0.48,30.11,2,30.15,20,0.0
00876,2021-12-17,1406118,397,45591705,32.61,32.61,32.33,32.38,0.69,32.38,55,32.39,25,0.0
00878,2021-12-17,8004740,3911,150901154,18.85,18.88,18.81,18.86,0.01,18.85,298,18.86,65,0.0
00881,2021-12-17,7438743,2443,136121932,18.25,18.35,18.23,18.31,0.06,18.31,46,18.32,65,0.0
00882,2021-12-17,14241031,2767,203950525,14.27,14.38,14.19,14.34,0.11,14.34,325,14.35,456,0.0
00885,2021-12-17,5261809,1177,92658438,17.6,17.67,17.53,17.61,0.02,17.61,6,17.62,12,0.0
00891,2021-12-17,4827958,1992,81370951,16.8,16.93,16.75,16.86,0.08,16.86,17,16.87,97,0.0
00892,2021-12-17,4899936,1341,82043473,16.68,16.8,16.68,16.73,0.14,16.73,282,16.74,8,0.0
00893,2021-12-17,43722708,17441,715245329,16.38,16.39,16.31,16.36,0.51,16.36,312,16.37,7,0.0
00894,2021-12-17,3049392,418,48500957,15.84,15.95,15.83,15.92,0.01,15.92,127,15.93,18,0.0
00895,2021-12-17,24026309,9925,419490159,17.51,17.52,17.39,17.42,0.56,17.41,365,17.42,108,0.0
00896,2021-12-17,4932379,1326,74607549,15.09,15.15,15.07,15.14,0.0,15.13,432,15.14,59,0.0
00897,2021-12-17,3119349,783,41218354,13.29,13.29,13.17,13.2,0.22,13.19,14,13.2,91,0.0
00898,2021-12-17,2446982,796,23129870,9.51,9.51,9.43,9.46,0.12,9.45,162,9.46,293,0.0
00901,2021-12-17,5390465,2255,81265446,15.1,15.1,15.03,15.08,0.04,15.07,183,15.08,42,0.0
01001T,2021-12-17,61050,6,1087209,17.81,17.81,17.8,17.8,0.0,17.8,329,17.81,25,0.0
01002T,2021-12-17,249895,51,4509023,18.04,18.07,18.03,18.06,0.01,18.0,50,18.06,3,0.0
01003T,2021-12-17,5000,3,98750,19.77,19.77,19.67,19.67,0.03,19.67,1,19.89,30,0.0
01004T,2021-12-17,19000,3,297540,15.66,15.66,15.66,15.66,0.0,15.66,32,15.67,5,0.0
01007T,2021-12-17,1000,1,19600,19.6,19.6,19.6,19.6,0.07,19.6,80,19.67,1,0.0
01009T,2021-12-17,0,0,0,,,,,0.0,9.08,20,9.12,8,0.0
01010T,2021-12-17,2794099,10,28779879,10.36,10.36,10.31,10.31,0.05,10.32,7,10.34,5,0.0
020000,2021-12-17,41000,5,289570,7.01,7.07,7.01,7.07,0.03,7.08,10,7.09,10,0.0
020002,2021-12-17,0,0,0,,,,,0.0,15.27,499,15.29,355,0.0
020004,2021-12-17,0,0,0,,,,,0.0,33.73,499,33.74,499,0.0
020006,2021-12-17,0,0,0,,,,,0.0,35.22,100,35.24,100,0.0
020007,2021-12-17,0,0,0,,,,,0.0,35.23,217,35.29,210,0.0
020008,2021-12-17,45000,8,578800,12.87,12.88,12.86,12.88,0.03,12.86,100,12.87,100,0.0
020011,2021-12-17,0,0,0,,,,,0.0,6.96,494,6.97,286,0.0
020012,2021-12-17,0,0,0,,,,,0.0,6.57,100,6.58,100,0.0
020015,2021-12-17,0,0,0,,,,,0.0,15.83,490,15.85,283,0.0
020016,2021-12-17,7000,4,150770,21.54,21.54,21.53,21.53,0.67,21.45,496,21.47,282,0.0
020018,2021-12-17,19000,10,364030,19.1,19.2,19.1,19.11,0.02,19.11,2,19.12,283,0.0
020019,2021-12-17,11000,6,167470,15.21,15.25,15.2,15.2,0.07,15.18,492,15.2,288,0.0
02001L,2021-12-17,124000,8,1312010,10.48,10.62,10.48,10.62,0.1,10.64,10,10.65,10,0.0
02001R,2021-12-17,2000,1,6040,3.02,3.02,3.02,3.02,0.01,3.01,10,3.02,10,0.0
020020,2021-12-17,638000,95,4832320,7.53,7.6,7.53,7.56,0.01,7.55,103,7.56,100,0.0
020022,2021-12-17,2488000,245,14066890,5.63,5.67,5.62,5.66,0.01,5.66,95,5.67,112,0.0
020028,2021-12-17,1297000,171,7068640,5.45,5.48,5.43,5.47,0.02,5.46,505,5.47,499,0.0
020029,2021-12-17,713000,162,3810180,5.34,5.37,5.33,5.34,0.02,5.33,517,5.34,486,0.0
020030,2021-12-17,2703000,201,13838310,5.1,5.14,5.08,5.12,0.01,5.12,504,5.13,631,0.0
1101,2021-12-17,18553098,5347,880004945,46.95,47.6,46.9,47.45,0.55,47.45,66,47.5,76,13.92
1101B,2021-12-17,6031,7,314912,52.2,52.3,52.2,52.3,0.0,51.8,7,52.1,10,0.0
1102,2021-12-17,32402436,6989,1395628447,42.95,43.4,42.85,42.95,0.0,42.95,122,43.0,344,9.85
1103,2021-12-17,379591,211,7778638,20.3,20.6,20.3,20.55,0.25,20.5,1,20.55,9,7.24
1104,2021-12-17,403169,295,8668723,21.5,21.6,21.35,21.5,0.2,21.45,8,21.5,1,12.72
1108,2021-12-17,445328,228,5196671,11.5,11.85,11.5,11.85,0.4,11.7,1,11.85,26,20.43
1109,2021-12-17,241450,135,4829649,20.0,20.1,19.95,20.0,0.05,19.95,27,20.0,13,7.07
1110,2021-12-17,3299085,1096,66975164,19.75,20.85,19.75,20.2,0.45,20.2,4,20.25,5,84.17
1201,2021-12-17,599228,219,13184838,22.0,22.05,21.9,22.05,0.0,22.0,25,22.05,47,18.69
1203,2021-12-17,16633,29,538852,32.35,32.4,32.35,32.4,0.1,32.3,1,32.9,1,17.7
1210,2021-12-17,1638113,1194,85720922,52.3,52.7,52.2,52.3,0.0,52.3,13,52.4,18,18.22
1213,2021-12-17,22002,15,183276,8.35,8.55,8.29,8.55,0.2,8.22,2,8.56,1,0.0
1215,2021-12-17,364665,368,29353683,80.1,80.8,80.1,80.8,0.7,80.6,3,80.8,12,14.61
1216,2021-12-17,11013204,3803,749633872,68.0,68.7,67.9,67.9,0.6,67.9,332,68.0,2,19.24
1217,2021-12-17,596331,261,6207342,10.4,10.45,10.35,10.4,0.05,10.4,8,10.45,109,20.39
1218,2021-12-17,491446,338,13425554,27.15,27.45,27.0,27.35,0.25,27.35,46,27.4,6,22.24
1219,2021-12-17,789516,350,15670912,20.0,20.0,19.8,19.9,0.0,19.9,6,19.95,4,16.18
1220,2021-12-17,82551,64,1282659,15.6,15.6,15.45,15.6,0.0,15.5,1,15.65,20,13.45
1225,2021-12-17,75348,64,3840361,51.5,51.6,50.6,51.2,0.1,51.2,5,51.4,2,23.38
1227,2021-12-17,3958713,2376,211433350,53.2,53.7,52.9,53.2,0.0,53.2,7,53.3,1,18.28
1229,2021-12-17,1804558,1326,104028103,58.0,58.4,57.4,57.4,0.6,57.3,133,57.4,110,16.31
1231,2021-12-17,57545,156,3922832,68.3,68.3,67.9,68.1,0.2,68.2,2,68.3,5,17.28
1232,2021-12-17,228745,646,35717850,157.0,157.0,155.5,156.0,0.5,156.0,6,156.5,2,18.93
1233,2021-12-17,19037,14,655076,34.45,34.5,34.2,34.5,0.1,34.2,1,34.6,1,75.0
1234,2021-12-17,32229,42,1124635,34.9,35.0,34.85,35.0,0.0,34.95,32,35.0,20,19.89
1235,2021-12-17,7736,14,334882,43.05,43.95,43.05,43.95,0.9,43.5,1,43.7,2,61.04
1236,2021-12-17,729407,423,21728914,31.0,31.0,29.3,30.1,2.35,30.1,5,30.15,13,0.0
1256,2021-12-17,17640,167,5761126,325.5,328.0,325.0,325.5,0.0,325.0,1,328.0,2,12.81
1301,2021-12-17,9074436,2479,933620833,101.5,103.5,101.5,103.0,1.5,102.5,701,103.0,522,10.06
1303,2021-12-17,10330466,4799,868153495,82.7,84.3,82.7,84.3,1.6,84.2,97,84.3,296,8.8
1304,2021-12-17,5538984,2588,171084977,30.9,31.1,30.7,30.8,0.1,30.8,141,30.85,21,6.74
1305,2021-12-17,2668595,1534,89336070,33.4,33.65,33.25,33.45,0.15,33.45,69,33.5,46,6.73
1307,2021-12-17,180582,60,3727293,21.15,21.15,20.55,20.65,0.1,20.65,30,20.7,6,43.02
1308,2021-12-17,2804114,1443,101880360,36.0,36.5,36.0,36.4,0.45,36.4,8,36.45,44,8.0
1309,2021-12-17,746530,592,24969918,33.35,33.55,33.35,33.4,0.05,33.35,111,33.4,5,5.77
1310,2021-12-17,685406,381,11793861,17.15,17.3,17.05,17.2,0.0,17.2,3,17.25,9,11.54
1312,2021-12-17,6187326,2416,174858631,28.0,28.4,27.95,28.3,0.4,28.25,10,28.3,168,3.73
1312A,2021-12-17,31000,11,1085000,35.0,35.0,35.0,35.0,0.1,35.0,3,35.15,1,0.0
1313,2021-12-17,4064931,1472,86070500,20.85,21.4,20.85,21.2,0.3,21.15,85,21.2,52,6.46
1314,2021-12-17,11948274,3027,150000338,12.55,12.65,12.45,12.45,0.2,12.45,992,12.5,38,10.2
1316,2021-12-17,4997160,1957,100378932,20.4,20.4,19.85,20.1,0.3,20.05,33,20.1,14,0.0
1319,2021-12-17,561430,427,18515977,33.0,33.25,32.85,33.1,0.1,32.95,1,33.1,1,28.29
1321,2021-12-17,293000,67,10200850,34.7,34.95,34.7,34.7,0.0,34.65,5,34.7,3,16.14
1323,2021-12-17,25110,22,870451,34.65,34.75,34.6,34.75,0.1,34.7,1,34.75,15,11.25
1324,2021-12-17,51275,35,597752,11.7,11.7,11.6,11.65,0.05,11.65,6,11.7,2,0.0
1325,2021-12-17,3386057,2149,156636831,46.0,47.25,45.5,45.5,0.85,45.5,24,45.65,4,4.72
1326,2021-12-17,3259590,1180,258423444,79.0,79.6,79.0,79.3,0.3,79.3,217,79.4,1,10.41
1337,2021-12-17,277340,274,1981611,7.16,7.18,7.1,7.13,0.03,7.13,7,7.14,53,0.0
1338,2021-12-17,297262,236,16257651,56.0,56.0,53.9,53.9,2.1,53.8,5,54.2,2,10.98
1339,2021-12-17,21481,84,748632,34.8,35.0,34.7,34.85,0.05,34.75,1,34.95,1,24.03
1340,2021-12-17,52613,172,585483,11.15,11.2,11.05,11.15,0.05,11.05,3,11.15,1,0.0
1341,2021-12-17,2000,2,135300,67.7,67.7,67.6,67.6,0.1,67.4,1,67.9,1,10.17
1342,2021-12-17,160350,134,9652238,60.5,60.8,59.8,60.0,0.5,60.0,3,60.3,3,18.75
1402,2021-12-17,31500461,4076,886160467,28.25,28.5,28.1,28.1,0.1,28.1,1854,28.15,12,15.19
1409,2021-12-17,6953357,1961,138371734,19.6,20.1,19.55,19.9,0.35,19.85,31,19.9,68,8.77
1410,2021-12-17,6028,11,225445,37.0,37.55,37.0,37.4,0.2,37.1,1,37.25,2,30.16
1413,2021-12-17,380892,179,4027263,10.5,10.75,10.4,10.5,0.0,10.45,23,10.55,11,36.21
1414,2021-12-17,11052753,4866,228238857,20.4,21.9,19.9,19.95,0.55,19.95,24,20.0,23,36.27
1416,2021-12-17,228658,156,2569512,11.35,11.4,11.15,11.2,0.1,11.2,2,11.25,30,0.0
1417,2021-12-17,645968,308,9592768,14.7,15.0,14.7,14.7,0.0,14.65,16,14.7,4,13.12
1418,2021-12-17,16181,8,177568,10.9,11.15,10.9,11.15,0.0,10.55,1,11.15,1,0.0
1419,2021-12-17,24593,22,1048892,42.55,43.0,42.55,42.6,0.1,42.6,3,42.75,1,26.14
1423,2021-12-17,47084,41,925196,19.7,19.75,19.5,19.75,0.0,19.7,1,19.75,9,4.51
1432,2021-12-17,149858,95,1911372,12.8,12.8,12.7,12.7,0.0,12.7,21,12.75,7,0.0
1434,2021-12-17,16621214,5814,474882934,28.8,28.9,28.5,28.5,0.35,28.5,266,28.65,87,22.98
1435,2021-12-17,165345,90,4809259,29.0,29.35,28.65,29.35,0.5,29.35,1,29.4,4,0.0
1436,2021-12-17,27590,24,1485106,53.6,54.0,53.6,54.0,0.0,53.9,1,54.0,8,11.18
1437,2021-12-17,70474,29,1800818,25.6,25.6,25.5,25.6,0.0,25.55,4,25.6,3,11.38
1438,2021-12-17,150782,142,4629556,31.35,31.35,30.4,30.4,0.95,30.4,3,30.55,2,304.0
1439,2021-12-17,14002,15,328646,23.4,23.55,23.4,23.5,0.05,23.5,10,23.65,1,0.0
1440,2021-12-17,154133861,45711,4096619578,25.5,27.25,25.25,26.4,1.6,26.35,13,26.4,37,13.4
1441,2021-12-17,129254,110,1203388,9.29,9.34,9.2,9.34,0.05,9.22,1,9.34,9,0.0
1442,2021-12-17,510220,236,11432666,22.6,22.6,22.25,22.5,0.2,22.4,6,22.5,122,15.1
1443,2021-12-17,7335,8,122407,16.7,16.7,16.7,16.7,0.05,16.55,3,16.7,5,40.73
1444,2021-12-17,5997704,1735,66854221,10.95,11.3,10.95,11.0,0.0,11.0,295,11.05,141,42.31
1445,2021-12-17,365463,143,5597193,14.9,15.6,14.9,15.4,0.5,15.4,34,15.45,6,0.0
1446,2021-12-17,49243,42,1664689,33.85,33.95,33.65,33.9,0.0,33.85,13,33.9,1,0.0
1447,2021-12-17,3182146,947,32794034,10.1,10.45,10.1,10.2,0.05,10.2,10,10.25,22,27.57
1449,2021-12-17,45288,41,675298,14.85,15.1,14.8,14.9,0.05,14.85,3,14.9,2,10.64
1451,2021-12-17,535756,305,11430510,20.9,21.5,20.8,21.4,0.4,21.35,1,21.4,2,24.88
1452,2021-12-17,2372688,1154,58126212,23.6,24.85,23.6,24.45,0.75,24.45,4,24.5,36,9.12
1453,2021-12-17,172959,99,1592703,9.14,9.26,9.14,9.22,0.08,9.22,2,9.25,1,0.0
1454,2021-12-17,3353123,1358,46010875,12.9,14.05,12.8,13.95,1.1,13.9,40,13.95,89,139.5
1455,2021-12-17,19664648,6121,336242768,16.65,17.4,16.65,16.8,0.2,16.8,113,16.85,26,7.92
1456,2021-12-17,137484,113,3021169,21.95,22.15,21.8,22.05,0.1,21.9,2,22.1,16,4.74
1457,2021-12-17,809889,388,14860003,18.0,18.5,18.0,18.3,0.15,18.3,9,18.35,9,23.46
1459,2021-12-17,1132723,417,14931304,12.9,13.45,12.9,13.05,0.15,13.05,1,13.1,23,5.96
1460,2021-12-17,1000215,362,9489177,9.46,9.52,9.46,9.48,0.02,9.48,2,9.49,2,0.0
1463,2021-12-17,134900,92,1949200,14.5,14.65,14.35,14.5,0.15,14.45,11,14.5,2,41.43
1464,2021-12-17,201786,287,3097582,15.3,15.4,15.3,15.4,0.1,15.35,20,15.4,2,90.59
1465,2021-12-17,26435,154,332496,12.55,12.55,12.55,12.55,0.0,12.55,4,12.6,43,0.0
1466,2021-12-17,354142,143,5387099,15.15,15.35,15.1,15.15,0.0,15.1,29,15.15,11,9.29
1467,2021-12-17,452988,194,6303235,13.85,14.0,13.8,13.8,0.05,13.8,24,13.85,10,690.0
1468,2021-12-17,58007,39,741737,12.75,12.9,12.7,12.9,0.1,12.7,8,12.9,6,215.0
1470,2021-12-17,97000,10,1737900,18.2,18.2,17.6,18.05,0.0,17.8,1,18.1,2,23.14
1471,2021-12-17,1589820,703,13090508,8.55,8.6,8.05,8.09,0.43,8.09,19,8.19,4,47.59
1472,2021-12-17,16456,54,497263,30.45,31.0,29.7,29.7,0.7,29.1,1,29.7,9,0.0
1473,2021-12-17,21430,100,386113,18.0,18.0,17.95,18.0,0.0,17.95,6,18.0,10,0.0
1474,2021-12-17,954423,420,14524961,15.0,15.4,15.0,15.15,0.2,15.1,29,15.15,6,10.74
1475,2021-12-17,4000,4,196950,49.95,49.95,49.0,49.0,0.2,48.75,1,49.0,3,70.0
1476,2021-12-17,505291,527,309733939,618.0,619.0,610.0,610.0,2.0,610.0,48,613.0,4,30.76
1477,2021-12-17,1618439,1834,402635083,244.5,252.0,244.5,247.0,2.0,246.5,8,247.0,20,24.24
1503,2021-12-17,88449,87,4713412,52.9,53.6,52.9,53.5,0.5,53.2,2,53.6,6,16.36
1504,2021-12-17,4247974,904,131320684,30.8,31.1,30.65,30.9,0.3,30.9,10,30.95,42,13.32
1506,2021-12-17,704459,308,10795824,15.6,15.6,15.15,15.4,0.15,15.25,47,15.4,35,0.0
1507,2021-12-17,442835,232,28474768,64.4,64.5,64.2,64.3,0.1,64.3,11,64.4,147,25.32
1512,2021-12-17,195425,54,738141,3.75,3.78,3.75,3.77,0.02,3.77,10,3.78,91,0.0
1513,2021-12-17,2032646,1278,87806549,43.05,43.65,43.0,43.05,0.0,43.05,33,43.1,2,9.16
1514,2021-12-17,449205,261,11197835,25.05,25.05,24.75,24.9,0.15,24.85,46,24.9,10,16.38
1515,2021-12-17,1555278,1205,88218185,56.0,57.5,56.0,56.4,0.6,56.3,39,56.5,1,8.88
1516,2021-12-17,573216,145,14025761,24.6,24.65,24.25,24.5,0.1,24.5,7,24.55,1,24.02
1517,2021-12-17,2159358,1263,59152673,27.9,27.9,27.15,27.2,0.75,27.2,35,27.35,1,13.27
1519,2021-12-17,724510,490,26759839,36.6,37.45,36.55,36.55,0.2,36.55,12,36.65,1,34.81
1521,2021-12-17,48980,45,1974053,40.5,40.5,40.2,40.35,0.2,40.25,1,40.4,1,24.31
1522,2021-12-17,729685,249,13866476,18.9,19.25,18.8,19.0,0.05,19.0,192,19.1,6,34.55
1522A,2021-12-17,8000,6,352150,44.05,44.05,44.0,44.05,0.0,44.05,1,44.5,1,0.0
1524,2021-12-17,430400,257,4684696,11.05,11.05,10.8,10.9,0.2,10.85,19,10.9,7,35.16
1525,2021-12-17,10000,9,594800,59.5,60.1,59.1,59.3,0.2,59.2,6,60.0,3,13.21
1526,2021-12-17,190320,129,9199042,48.7,48.7,48.15,48.15,0.55,48.15,10,48.3,4,13.19
1527,2021-12-17,160363,124,6885524,42.85,43.1,42.8,42.85,0.0,42.8,7,43.0,3,12.57
1528,2021-12-17,810611,327,9649968,12.05,12.05,11.8,11.8,0.2,11.75,39,11.8,30,12.83
1529,2021-12-17,4776528,2692,100134554,21.05,22.1,19.85,19.85,1.8,19.85,129,20.0,9,26.12
1530,2021-12-17,6343,11,209846,33.0,33.25,33.0,33.25,0.25,32.85,4,33.0,2,28.42
1531,2021-12-17,164801,94,2562355,15.45,15.65,15.35,15.6,0.15,15.6,12,15.65,8,20.53
1532,2021-12-17,296149,202,9492226,31.8,32.4,31.8,31.85,0.25,31.85,13,31.95,9,12.59
1533,2021-12-17,214507,217,12260874,57.0,58.0,56.6,56.8,0.0,56.6,1,57.0,3,39.17
1535,2021-12-17,32000,26,1250200,39.05,39.1,39.0,39.05,0.05,39.05,7,39.1,2,12.93
1536,2021-12-17,520861,394,46972864,89.9,90.8,89.9,90.3,0.2,90.2,12,90.3,1,56.09
1537,2021-12-17,142403,125,19802991,138.5,140.0,138.5,139.0,1.0,139.0,5,139.5,4,15.98
1538,2021-12-17,9443,9,104040,11.05,11.35,10.95,11.25,0.5,10.4,2,11.15,2,0.0
1539,2021-12-17,702075,397,15429642,22.9,22.9,21.7,21.7,0.9,21.7,3,21.8,2,29.73
1540,2021-12-17,104767,143,1614473,15.55,15.55,15.3,15.3,0.15,15.25,11,15.35,15,85.0
1541,2021-12-17,9132,11,398888,43.65,43.95,43.5,43.5,0.45,43.15,2,43.55,1,10.31
1558,2021-12-17,30211,50,4350589,143.5,145.0,143.5,144.0,0.0,144.0,1,144.5,1,11.41
1560,2021-12-17,3464377,2514,310919887,91.0,91.5,88.8,89.0,2.3,89.0,12,89.1,1,22.25
1568,2021-12-17,119087,63,2490064,20.7,21.1,20.7,21.1,0.25,21.1,23,21.2,2,263.75
1582,2021-12-17,237396,225,16439699,69.6,69.6,68.8,69.3,0.3,69.2,4,69.3,7,19.86
1583,2021-12-17,5035,6,312287,61.9,62.7,61.8,62.7,0.1,61.8,10,62.7,4,21.04
1587,2021-12-17,75900,52,1911220,25.3,25.35,25.15,25.15,0.15,25.15,8,25.35,6,14.29
1589,2021-12-17,1861681,1321,117030887,61.0,64.5,61.0,61.4,0.0,61.4,69,61.7,1,12.95
1590,2021-12-17,775379,621,717266061,909.0,930.0,902.0,930.0,20.0,926.0,8,930.0,11,27.39
1597,2021-12-17,78501,94,6618884,84.4,84.8,84.0,84.1,0.1,84.1,3,84.3,1,22.25
1598,2021-12-17,415257,328,22354570,53.2,54.4,53.2,53.5,0.3,53.5,6,53.8,2,6.07
1603,2021-12-17,138778,92,3685354,26.3,26.75,26.25,26.45,0.1,26.4,3,26.45,7,17.29
1604,2021-12-17,313308,184,9239388,29.45,29.55,29.4,29.55,0.1,29.5,48,29.55,3,6.38
1605,2021-12-17,8384210,2013,218048855,25.85,26.25,25.75,25.9,0.1,25.9,72,26.0,14,7.49
1608,2021-12-17,1531150,766,33646149,21.65,22.2,21.65,21.8,0.15,21.75,27,21.8,6,6.02
1609,2021-12-17,7007445,3062,173656805,24.3,25.0,24.3,24.65,0.35,24.65,55,24.7,15,14.09
1611,2021-12-17,19249458,8481,412306342,22.15,22.3,20.25,20.4,1.6,20.4,78,20.45,174,145.71
1612,2021-12-17,1973920,768,52629895,26.6,27.05,26.4,26.6,0.15,26.55,2,26.6,3,13.3
1614,2021-12-17,24030,15,868336,36.4,36.4,36.1,36.1,0.2,35.95,1,36.15,1,28.2
1615,2021-12-17,33919,40,1082433,31.9,32.05,31.75,31.85,0.5,31.85,1,32.0,1,10.27
1616,2021-12-17,4352462,1881,50662623,11.1,12.15,11.1,12.0,0.9,11.95,10,12.0,22,36.36
1617,2021-12-17,80234,40,1433805,17.8,17.9,17.8,17.9,0.0,17.9,21,17.95,4,12.97
1618,2021-12-17,1038774,337,14987525,14.4,14.75,14.25,14.35,0.05,14.35,13,14.4,20,13.29
1626,2021-12-17,14408,56,276674,19.15,19.2,19.15,19.15,0.05,19.1,14,19.15,1,0.0
1701,2021-12-17,236011,117,5335051,22.75,22.75,22.55,22.6,0.0,22.6,6,22.65,10,14.68
1702,2021-12-17,208723,287,10314903,49.5,49.6,49.3,49.35,0.05,49.3,21,49.4,2,11.09
1707,2021-12-17,158373,188,25489775,161.0,161.5,160.5,161.5,0.5,161.0,2,162.0,4,18.67
1708,2021-12-17,2637400,2400,88943735,33.4,34.05,33.15,33.6,0.2,33.6,10,33.65,2,20.74
1709,2021-12-17,1774839,788,38566451,21.95,22.0,21.55,21.75,0.2,21.75,14,21.8,20,10.77
1710,2021-12-17,5561337,2508,122867119,21.8,22.3,21.7,22.05,0.25,22.05,74,22.1,57,53.78
1711,2021-12-17,4669220,2324,120685627,25.85,26.3,25.7,25.85,0.05,25.8,35,25.85,14,29.38
1712,2021-12-17,410400,405,11240103,27.25,27.55,27.2,27.35,0.1,27.35,1,27.4,1,13.54
1713,2021-12-17,25588,34,620476,24.1,24.6,24.1,24.2,0.15,24.2,5,24.25,1,21.61
1714,2021-12-17,2771747,852,30061235,10.85,10.95,10.8,10.8,0.05,10.8,35,10.85,31,20.77
1717,2021-12-17,1839232,683,66917160,36.25,36.55,36.15,36.55,0.3,36.55,3,36.6,31,12.35
1718,2021-12-17,5118346,1612,51154195,9.95,10.05,9.9,10.0,0.06,9.99,105,10.0,44,0.0
1720,2021-12-17,740776,744,31339595,42.1,42.7,41.8,42.25,0.3,42.25,12,42.3,19,10.89
1721,2021-12-17,14017456,6565,350426602,25.8,26.15,24.2,24.7,0.95,24.7,24,24.8,3,0.0
1722,2021-12-17,7751376,4283,547538194,69.7,71.2,69.5,70.5,1.2,70.5,126,70.6,1,26.01
1723,2021-12-17,366754,464,41962681,115.0,115.5,113.5,115.0,0.0,115.0,4,115.5,26,25.11
1725,2021-12-17,229523,207,7516535,33.65,33.65,32.3,32.3,1.3,32.3,1,32.5,1,16.91
1726,2021-12-17,51038,54,3763794,73.4,74.0,73.3,74.0,1.0,73.4,3,74.0,2,12.8
1727,2021-12-17,3848907,2905,179173711,47.45,47.85,45.9,46.2,1.25,46.2,32,46.25,7,31.64
1730,2021-12-17,24717,112,1560468,63.1,63.3,63.1,63.3,0.2,63.1,2,63.2,1,16.23
1731,2021-12-17,145450,94,2824491,19.5,19.6,19.3,19.35,0.15,19.35,14,19.4,14,15.73
1732,2021-12-17,13689089,6511,474803302,34.0,35.2,33.5,35.2,3.2,35.15,1,35.2,66,50.29
1733,2021-12-17,191112,111,4664477,24.35,24.5,24.3,24.45,0.0,24.45,10,24.5,9,15.88
1734,2021-12-17,893845,453,25631588,28.6,28.9,28.55,28.75,0.15,28.75,7,28.8,7,0.0
1735,2021-12-17,25126,18,461650,18.4,18.45,18.3,18.45,0.15,18.25,3,18.45,1,29.76
1736,2021-12-17,283901,265,16028016,56.1,56.9,55.8,56.9,1.8,56.7,1,56.9,2,334.71
1737,2021-12-17,200968,172,6681304,33.35,33.35,33.15,33.25,0.2,33.15,8,33.25,34,15.39
1760,2021-12-17,648560,551,45412616,69.8,71.8,69.3,69.4,0.4,69.4,8,69.7,1,40.35
1762,2021-12-17,312584,213,20496660,65.9,66.4,65.2,65.3,0.5,65.3,14,65.4,1,12.41
1773,2021-12-17,274007,246,38381507,142.0,142.0,139.0,139.5,2.5,139.5,5,140.5,5,18.26
1776,2021-12-17,61005,47,1297207,21.25,21.5,21.1,21.2,0.2,21.2,5,21.25,1,8.58
1783,2021-12-17,382629,358,19714989,52.3,52.6,51.1,51.1,1.0,51.1,3,51.2,1,41.89
1786,2021-12-17,54934,73,2733303,49.35,50.4,49.3,50.2,0.3,50.0,8,50.4,7,27.43
1789,2021-12-17,293345,276,7132701,24.45,24.45,24.25,24.25,0.25,24.25,39,24.3,1,97.0
1795,2021-12-17,3577754,2468,343464523,96.7,97.2,95.2,95.3,1.9,95.3,97,95.4,10,17.02
1802,2021-12-17,8742250,3512,226838540,25.5,26.25,25.5,25.8,0.3,25.75,73,25.8,22,7.09
1805,2021-12-17,37013,20,511829,14.1,14.1,13.65,13.9,0.15,13.8,2,13.9,1,0.0
1806,2021-12-17,1005336,377,12269421,12.3,12.35,12.05,12.1,0.2,12.1,5,12.15,7,4.94
1808,2021-12-17,79206,84,4681386,59.3,59.3,58.8,59.1,0.3,59.1,4,59.3,8,18.64
1809,2021-12-17,1369266,556,21369635,15.75,15.8,15.45,15.5,0.1,15.5,29,15.55,8,516.67
1810,2021-12-17,2332111,914,40012845,17.2,17.45,17.0,17.0,0.2,17.0,61,17.05,4,5.41
1817,2021-12-17,53000,26,1956200,36.8,37.0,36.7,36.85,0.15,36.8,2,36.9,1,12.0
1903,2021-12-17,918738,667,60821770,64.2,67.6,64.1,66.9,2.7,66.2,2,66.9,1,230.69
1904,2021-12-17,1915887,1000,65068754,33.7,34.15,33.65,33.9,0.2,33.9,9,34.0,4,8.78
1905,2021-12-17,4830229,2158,114049799,23.45,23.95,23.35,23.45,0.05,23.45,68,23.5,19,37.82
1906,2021-12-17,165540,74,3363409,20.25,20.4,20.25,20.35,0.05,20.35,1,20.4,34,19.57
1907,2021-12-17,3192463,1252,107572808,33.5,34.05,33.5,33.6,0.1,33.6,87,33.9,4,9.88
1909,2021-12-17,4104400,1684,97119354,23.7,23.8,23.4,23.7,0.3,23.7,178,23.75,58,12.54
2002,2021-12-17,187761229,53959,6635653546,34.5,35.7,34.4,35.45,1.1,35.45,177,35.5,1404,10.87
2002A,2021-12-17,27413,25,1422471,52.0,52.0,51.7,52.0,0.0,51.8,10,51.9,1,0.0
2006,2021-12-17,19523056,13200,1284945221,63.6,68.5,63.4,67.0,4.5,67.0,81,67.1,37,8.2
2007,2021-12-17,5005163,2255,109572568,21.5,22.1,21.45,21.75,0.45,21.75,18,21.8,21,0.0
2008,2021-12-17,141551,100,2827341,20.05,20.2,19.8,19.9,0.2,19.85,1,19.9,1,99.5
2009,2021-12-17,2856116,1622,124608630,43.5,44.2,43.0,43.15,0.4,43.15,4,43.2,5,33.19
2010,2021-12-17,7024262,3256,165937134,23.35,23.9,23.35,23.4,0.35,23.4,78,23.5,1,12.51
2012,2021-12-17,965757,656,30187477,30.75,31.65,30.75,31.15,0.75,31.15,11,31.2,11,12.22
2013,2021-12-17,3414253,2285,190924753,54.6,56.5,54.6,55.9,1.7,55.9,4,56.0,12,22.54
2014,2021-12-17,101346398,41890,4201323996,40.2,42.35,40.0,41.7,2.3,41.7,20,41.75,327,9.63
2015,2021-12-17,1278113,1303,107335191,83.0,85.0,82.5,83.8,1.8,83.7,3,83.8,1,13.83
2017,2021-12-17,3652156,1555,74430739,20.0,20.6,20.0,20.25,0.4,20.25,27,20.3,53,10.83
2020,2021-12-17,751073,434,24126090,31.95,32.35,31.75,31.9,0.3,31.9,8,32.0,11,8.96
2022,2021-12-17,7831713,2739,110514704,13.9,14.3,13.85,13.95,0.15,13.95,11,14.0,62,16.81
2023,2021-12-17,21335166,8120,533133615,24.5,25.3,24.45,24.9,0.7,24.85,173,24.9,199,10.42
2024,2021-12-17,221443,149,4419877,19.7,20.15,19.7,19.95,0.35,19.9,17,19.95,1,14.25
2025,2021-12-17,1564174,313,9338019,5.99,5.99,5.95,5.96,0.15,5.96,125,5.97,5,10.84
2027,2021-12-17,39022326,17270,1874438509,47.55,48.5,47.5,47.65,0.55,47.65,170,47.7,384,10.4
2028,2021-12-17,14732728,7883,693731803,47.0,48.3,45.4,45.4,0.15,45.4,148,45.6,2,9.87
2029,2021-12-17,2111374,1165,71265198,32.9,34.15,32.75,33.65,0.9,33.65,9,33.7,47,9.37
2030,2021-12-17,8442233,3625,257497895,30.2,30.85,30.0,30.4,0.8,30.4,118,30.45,85,9.77
2031,2021-12-17,6975218,3245,410317677,57.6,59.5,57.5,58.8,1.5,58.8,6,58.9,34,8.21
2032,2021-12-17,1064684,630,25443111,23.45,24.1,23.45,23.85,0.6,23.85,20,23.9,12,16.91
2033,2021-12-17,693259,494,12440795,17.5,18.25,17.5,17.75,0.3,17.7,12,17.75,13,68.27
2034,2021-12-17,4335603,1836,141938949,32.2,33.15,32.15,32.85,0.9,32.75,4,32.85,17,18.66
2038,2021-12-17,11083760,5807,409472417,36.5,37.65,35.9,35.9,0.05,35.9,47,36.0,1,16.7
2049,2021-12-17,2070102,1649,607424168,288.5,295.0,288.5,295.0,6.5,293.0,27,295.0,96,28.67
2059,2021-12-17,143469,146,71034519,494.0,499.0,491.5,491.5,2.5,491.5,2,498.0,5,27.67
2062,2021-12-17,159101,111,4267992,26.95,27.0,26.7,26.9,0.1,26.8,14,26.9,1,13.0
2069,2021-12-17,3928094,2383,141510333,35.45,36.7,35.45,35.75,0.5,35.75,5,35.8,80,9.29
2101,2021-12-17,1124520,882,43439078,38.7,39.05,38.4,38.7,0.0,38.5,9,38.7,8,69.11
2102,2021-12-17,458312,353,12447642,27.3,27.6,27.0,27.05,0.15,27.0,64,27.05,2,0.0
2103,2021-12-17,25329822,11578,949611275,37.05,38.45,36.4,38.0,1.35,37.95,13,38.0,70,8.7
2104,2021-12-17,3882814,1385,104852552,26.85,27.15,26.85,26.85,0.05,26.85,154,26.9,26,13.98
2105,2021-12-17,6442712,2729,231507879,35.45,36.15,35.4,36.15,0.6,36.1,15,36.15,83,15.58
2106,2021-12-17,610586,347,18453889,30.1,30.45,30.0,30.45,0.35,30.45,3,30.5,7,16.46
2107,2021-12-17,486046,295,10858276,22.5,22.5,22.25,22.25,0.2,22.25,17,22.4,2,11.29
2108,2021-12-17,6252004,4010,528305182,84.4,85.3,83.5,83.9,0.5,83.9,11,84.0,3,4.78
2109,2021-12-17,142276,100,2371348,16.65,16.8,16.55,16.7,0.05,16.6,1,16.7,2,10.64
2114,2021-12-17,91810,121,11215416,121.0,122.5,121.0,122.0,1.0,121.5,9,122.5,7,9.12
2115,2021-12-17,39081,40,1570185,40.05,40.25,40.05,40.15,0.15,40.15,1,40.2,2,9.58
2201,2021-12-17,3986872,1632,166732970,41.35,42.05,41.35,41.85,0.6,41.85,1,41.9,7,8.94
2204,2021-12-17,645980,348,40985605,63.1,63.8,63.1,63.3,0.1,63.3,18,63.4,1,8.7
2206,2021-12-17,607399,286,16050913,26.5,26.5,26.35,26.5,0.0,26.4,4,26.5,32,12.86
2207,2021-12-17,218772,169,133757017,612.0,613.0,608.0,612.0,3.0,611.0,1,612.0,10,20.65
2208,2021-12-17,1610945,937,34924995,21.6,21.85,21.5,21.5,0.0,21.5,120,21.65,18,0.0
2211,2021-12-17,1529123,954,85276835,55.2,56.5,55.1,55.1,0.0,55.1,30,55.2,1,18.61
2227,2021-12-17,104208,197,25684868,246.5,249.0,246.0,246.0,0.5,246.0,8,247.5,1,14.93
2228,2021-12-17,44379,45,2997494,67.8,67.8,67.3,67.4,0.4,67.4,6,67.6,1,15.67
2231,2021-12-17,612834,2077,110939971,185.0,185.0,178.5,180.0,2.5,180.0,4,180.5,1,42.25
2233,2021-12-17,135545,143,12909231,95.6,96.2,94.9,95.0,0.5,95.0,11,95.1,1,10.54
2236,2021-12-17,25000,17,680100,27.25,27.3,27.1,27.3,0.4,27.2,2,27.3,1,17.28
2239,2021-12-17,170010,140,13757310,81.1,82.0,80.1,80.1,1.4,80.1,1,81.0,2,15.89
2241,2021-12-17,219696,190,10877860,50.1,50.1,49.1,49.4,0.5,49.2,5,49.4,8,0.0
2243,2021-12-17,432658,258,8058578,19.4,19.4,18.25,18.5,0.7,18.5,1,18.6,2,0.0
2247,2021-12-17,52316,85,10960290,210.0,210.0,209.0,209.0,0.5,209.0,12,209.5,1,13.31
2250,2021-12-17,1292462,1228,158982215,124.0,129.0,115.0,115.5,6.0,115.5,4,116.0,1,19.54
2301,2021-12-17,5760650,2309,355445588,61.4,61.9,61.0,61.9,0.2,61.8,23,61.9,206,10.56
2302,2021-12-17,164685,107,2754177,16.75,16.85,16.6,16.7,0.05,16.65,5,16.7,4,18.98
2303,2021-12-17,87887977,36055,5482562791,62.2,62.7,62.1,62.3,0.7,62.3,2950,62.4,71,15.16
2305,2021-12-17,4678319,1439,43301249,8.95,9.52,8.95,9.24,0.32,9.24,26,9.25,65,0.0
2308,2021-12-17,6886836,3603,1847498017,266.5,269.5,264.0,269.0,3.0,268.5,102,269.0,27,24.98
2312,2021-12-17,41284440,12073,615692581,15.3,15.3,14.6,14.95,0.3,14.9,39,14.95,131,0.0
2313,2021-12-17,9579265,6274,411218671,42.85,43.5,42.5,42.65,0.45,42.65,121,42.7,15,11.53
2314,2021-12-17,3758619,3366,283786471,77.3,77.3,74.0,75.0,2.8,75.0,77,75.1,6,0.0
2316,2021-12-17,761999,369,22899882,30.3,30.35,29.95,30.0,0.3,30.0,74,30.15,2,11.07
2317,2021-12-17,39330766,13426,4071468879,103.5,104.0,103.0,103.5,0.0,103.5,855,104.0,2195,10.19
2321,2021-12-17,14202,14,91076,6.7,6.7,6.34,6.4,0.2,6.4,3,6.69,3,640.0
2323,2021-12-17,2639484,953,23807603,9.06,9.1,8.97,9.01,0.05,9.01,63,9.02,68,16.38
2324,2021-12-17,21588523,5863,522179033,23.95,24.25,23.95,24.0,0.0,24.0,213,24.05,123,7.45
2327,2021-12-17,1985463,2461,890937046,450.0,453.5,445.5,447.0,4.0,447.0,8,447.5,34,10.05
2328,2021-12-17,2286720,1514,89372908,39.35,39.4,38.9,39.0,0.5,38.95,21,39.0,6,22.81
2329,2021-12-17,4169613,2379,105541252,25.6,25.65,25.1,25.3,0.5,25.25,49,25.3,45,18.88
2330,2021-12-17,30319495,11667,18339763894,601.0,607.0,599.0,607.0,2.0,606.0,191,607.0,456,27.47
2331,2021-12-17,2455615,1043,54089477,22.15,22.2,21.95,22.0,0.05,22.0,178,22.05,4,0.0
2332,2021-12-17,2731959,1980,50478029,18.7,18.85,18.25,18.35,0.55,18.35,97,18.4,10,13.69
2337,2021-12-17,9043339,3450,364823509,40.5,40.6,40.2,40.35,0.35,40.35,21,40.4,18,7.94
2338,2021-12-17,6268920,4499,610443820,97.8,99.0,96.5,96.5,2.8,96.5,216,96.6,2,14.71
2340,2021-12-17,27376218,14888,1655659842,60.1,62.0,59.1,59.9,0.9,59.9,4,60.0,173,30.72
2342,2021-12-17,3178668,2484,147962501,47.5,47.5,46.2,46.4,1.1,46.4,4,46.45,3,22.63
2344,2021-12-17,15124691,6302,463507321,30.75,30.95,30.4,30.55,0.25,30.55,168,30.6,583,12.47
2345,2021-12-17,9317503,6541,2417290779,269.0,270.0,252.5,257.5,18.0,257.5,71,258.0,1,31.63
2347,2021-12-17,32014853,10320,2138867708,65.6,68.0,65.3,66.4,0.7,66.4,383,66.5,4,6.63
2348,2021-12-17,309323,342,34297686,110.5,112.0,109.5,110.0,0.0,110.0,7,110.5,7,8.81
2348A,2021-12-17,8000,8,303650,38.0,38.0,37.95,37.95,0.0,37.9,7,38.05,6,0.0
2349,2021-12-17,1854275,613,17550336,9.46,9.52,9.42,9.5,0.03,9.49,1,9.5,57,0.0
2351,2021-12-17,2133407,1971,339105268,160.0,163.5,156.0,156.5,4.0,156.5,29,157.0,11,36.31
2352,2021-12-17,6110230,3030,181790385,30.0,30.05,29.6,29.6,0.3,29.6,433,29.7,2,6.42
2353,2021-12-17,22350662,8132,665271667,29.5,30.0,29.25,30.0,0.35,29.9,26,30.0,328,8.45
2354,2021-12-17,3967849,1849,253569623,63.8,64.7,63.6,63.9,0.1,63.9,167,64.0,15,19.07
2355,2021-12-17,6769377,3560,242190670,35.6,36.15,35.45,35.9,0.45,35.85,2,35.9,8,31.49
2356,2021-12-17,11077061,3375,279790774,25.5,25.5,25.05,25.3,0.2,25.3,48,25.35,419,15.15
2357,2021-12-17,3269820,2494,1202026585,367.0,370.0,366.0,366.5,0.5,366.0,89,366.5,1,6.43
2358,2021-12-17,3141960,1595,67934820,21.2,22.05,21.15,21.3,0.3,21.25,64,21.3,9,30.87
2359,2021-12-17,333423,137,5984613,17.85,18.05,17.85,18.0,0.1,17.9,11,18.0,5,36.73
2360,2021-12-17,1994546,865,370828393,183.0,188.0,182.0,187.0,3.0,187.0,79,187.5,17,18.66
2362,2021-12-17,235959,178,7432672,31.4,31.7,31.35,31.7,0.3,31.6,1,31.7,8,12.15
2363,2021-12-17,4532793,2538,114489600,25.45,25.45,25.15,25.2,0.4,25.2,65,25.25,23,140.0
2364,2021-12-17,7334,54,140861,19.3,19.3,19.15,19.15,0.2,19.1,3,19.35,1,14.4
2365,2021-12-17,728594,302,8141113,11.3,11.35,11.05,11.2,0.1,11.2,10,11.25,22,35.0
2367,2021-12-17,1772990,964,32938547,18.75,18.75,18.5,18.55,0.2,18.55,32,18.6,14,0.0
2368,2021-12-17,8607983,5430,621036437,72.5,73.4,71.5,71.8,1.1,71.7,82,71.8,14,15.75
2369,2021-12-17,6435768,3441,168833001,26.5,26.55,26.05,26.05,0.75,26.05,71,26.1,6,17.97
2371,2021-12-17,24540996,7497,783120691,31.9,32.15,31.7,31.9,0.35,31.9,82,31.95,320,398.75
2373,2021-12-17,9049,21,810693,89.5,89.8,89.5,89.7,0.2,89.6,1,89.7,1,14.15
2374,2021-12-17,6384493,2657,153181120,23.9,24.4,23.7,24.1,0.0,24.05,78,24.1,3,10.9
2375,2021-12-17,3000581,2328,300746128,100.5,102.0,99.1,99.5,1.5,99.5,18,99.7,3,11.89
2376,2021-12-17,14668176,13209,2270447409,155.5,156.5,153.0,154.5,3.5,154.5,34,155.0,9,9.1
2377,2021-12-17,3340681,3599,543884791,165.0,165.0,161.5,162.5,3.0,162.5,29,163.0,6,9.13
2379,2021-12-17,2036207,1579,1154446786,568.0,575.0,562.0,567.0,2.0,566.0,9,567.0,21,19.47
2380,2021-12-17,18552135,8871,313759371,16.95,17.65,15.8,16.7,0.1,16.7,40,16.75,7,0.0
2382,2021-12-17,9375036,11935,835883830,89.2,90.0,88.9,88.9,1.2,88.9,361,89.0,2,10.39
2383,2021-12-17,2642670,3064,732747253,280.0,281.5,274.5,276.5,6.0,276.5,4,277.0,6,18.5
2385,2021-12-17,3406792,2076,278684609,81.8,82.0,81.1,82.0,0.3,81.8,20,82.0,31,10.11
2387,2021-12-17,591510,372,26884983,45.6,46.15,45.15,45.35,0.15,45.35,55,45.55,6,7.1
2388,2021-12-17,24069629,16362,2078305270,89.5,89.8,83.4,86.3,4.9,86.2,17,86.3,24,7.48
2390,2021-12-17,2421350,1141,54545290,22.6,23.0,22.2,22.45,0.05,22.45,12,22.5,10,3.52
2392,2021-12-17,723139,556,27927193,38.6,38.8,38.5,38.5,0.2,38.5,9,38.6,1,15.52
2393,2021-12-17,1718067,1374,87185121,51.0,51.5,50.4,50.8,0.3,50.7,22,50.8,39,11.26
2395,2021-12-17,3517409,1566,1407829289,397.0,408.0,396.0,399.0,2.0,399.0,6,400.0,100,40.18
2397,2021-12-17,31041,25,1852047,59.5,59.8,59.5,59.7,0.2,59.5,1,59.8,2,24.67
2399,2021-12-17,2687831,1172,61256097,22.8,23.15,22.55,22.6,0.3,22.55,52,22.6,48,12.91
2401,2021-12-17,5046017,3258,194516795,39.05,39.1,38.3,38.35,0.9,38.35,39,38.4,16,22.69
2402,2021-12-17,632473,334,10702463,17.1,17.2,16.8,16.85,0.3,16.85,4,16.9,6,22.47
2404,2021-12-17,2377488,1827,405153270,172.0,172.0,169.0,171.0,0.0,170.5,20,171.0,15,11.41
2405,2021-12-17,8882989,4216,165995247,18.7,19.1,18.3,18.3,0.5,18.3,298,18.35,59,63.1
2406,2021-12-17,54762142,24459,1949991472,34.9,36.4,34.6,35.25,0.35,35.25,27,35.3,24,90.38
2408,2021-12-17,5809323,3660,438662580,75.1,76.2,74.6,75.7,0.3,75.6,10,75.7,130,13.52
2409,2021-12-17,183607001,38315,4248743271,22.85,23.45,22.75,23.1,0.05,23.1,2551,23.15,29,3.74
2412,2021-12-17,7288045,3432,837589964,115.0,115.0,114.0,115.0,0.5,114.5,1217,115.0,1263,25.27
2413,2021-12-17,1343247,837,31229063,23.5,23.9,22.8,22.95,0.55,22.95,2,23.0,47,286.88
2414,2021-12-17,339754,316,12738110,37.65,37.95,37.3,37.35,0.4,37.35,10,37.4,1,11.39
2415,2021-12-17,332464,236,14491687,44.25,44.25,43.25,43.25,0.55,43.2,5,43.35,1,14.23
2417,2021-12-17,463828,528,11477333,24.8,25.0,24.5,24.5,0.25,24.5,21,24.55,4,9.07
2419,2021-12-17,2794727,1610,68240913,25.05,25.05,24.1,24.15,0.75,24.15,24,24.2,7,49.29
2420,2021-12-17,681591,589,31184175,46.1,46.2,45.55,45.8,0.3,45.75,6,45.8,1,12.83
2421,2021-12-17,1475218,977,58944760,40.65,40.7,39.7,39.7,0.95,39.7,18,39.8,4,24.36
2423,2021-12-17,240356,180,6775767,28.1,28.5,27.95,27.95,0.15,27.9,16,27.95,1,16.06
2424,2021-12-17,2000,2,39550,19.7,19.85,19.7,19.85,0.05,19.8,2,20.55,1,0.0
2425,2021-12-17,834061,461,23056187,27.7,27.95,27.1,27.8,0.35,27.8,22,27.85,8,23.76
2426,2021-12-17,3806008,2227,106975234,28.35,28.65,27.75,27.85,0.5,27.85,2,27.9,12,33.96
2427,2021-12-17,327503,106,3776933,11.6,11.6,11.5,11.6,0.05,11.55,1,11.6,14,18.71
2428,2021-12-17,174813,192,26702264,152.0,154.0,151.5,152.0,0.5,152.0,1,152.5,1,11.83
2429,2021-12-17,132000,68,2690150,19.5,21.0,19.5,20.7,0.1,20.7,3,20.8,1,0.0
2430,2021-12-17,612956,407,23081334,38.0,38.2,37.3,37.65,0.4,37.65,4,37.7,9,11.27
2431,2021-12-17,465326,213,6015099,12.9,13.2,12.8,12.85,0.1,12.8,31,12.85,13,10.45
2433,2021-12-17,28000,25,1429300,51.1,51.2,51.0,51.0,0.2,51.0,9,51.1,2,13.32
2434,2021-12-17,6278,8,247803,39.4,39.5,39.4,39.5,0.0,39.5,1,40.0,2,57.25
2436,2021-12-17,14750561,13502,1419150655,95.0,97.7,94.4,96.6,0.3,96.5,16,96.6,76,23.33
2438,2021-12-17,2582,9,37911,14.75,14.75,14.65,14.65,0.0,14.55,4,14.6,1,488.33
2439,2021-12-17,976066,964,90593416,93.6,93.6,92.4,93.2,0.4,92.9,2,93.2,2,16.85
2440,2021-12-17,311420,198,5182313,16.75,17.0,16.5,16.65,0.2,16.65,4,16.85,2,15.86
2441,2021-12-17,2296711,1555,173272270,76.0,76.2,75.0,76.2,0.0,75.7,5,76.2,18,10.38
2442,2021-12-17,3031343,1207,39675509,13.15,13.35,12.9,13.0,0.2,13.0,43,13.05,19,5.22
2443,2021-12-17,174904,36,523171,2.98,3.03,2.96,3.0,0.02,3.0,18,3.01,1,0.0
2444,2021-12-17,2980723,1398,43551205,13.95,15.0,13.9,14.7,0.7,14.65,9,14.7,64,0.0
2449,2021-12-17,6981068,3896,304231478,44.0,44.0,43.35,43.4,0.8,43.4,173,43.45,12,12.54
2450,2021-12-17,36616,48,1203204,32.9,32.95,32.75,32.75,0.15,32.75,13,32.85,4,14.75
2451,2021-12-17,2781762,2371,201863669,71.9,73.2,71.8,72.6,1.3,72.6,24,72.7,31,13.49
2453,2021-12-17,413700,268,11208912,27.45,27.45,26.9,27.1,0.3,27.1,2,27.2,4,13.28
2454,2021-12-17,5577386,3918,6023588920,1075.0,1095.0,1070.0,1075.0,15.0,1075.0,55,1080.0,60,17.8
2455,2021-12-17,2468495,2082,341360710,140.5,140.5,137.0,137.5,5.0,137.5,32,138.0,7,31.39
2456,2021-12-17,640856,982,56953072,89.1,90.0,88.1,88.1,1.3,88.1,13,88.3,2,19.11
2457,2021-12-17,44192091,24172,2023775437,45.05,46.85,44.6,45.4,0.85,45.4,188,45.45,38,0.0
2458,2021-12-17,3572726,5163,595778989,165.0,168.5,164.0,166.0,1.5,166.0,95,166.5,7,9.51
2459,2021-12-17,28979,37,1698862,58.8,58.9,58.5,58.5,0.3,58.5,13,58.7,1,11.34
2460,2021-12-17,1433066,999,42544992,29.55,30.35,29.3,29.3,0.85,29.3,11,29.35,53,21.39
2461,2021-12-17,565533,307,12854561,22.9,22.9,22.6,22.7,0.25,22.65,1,22.7,7,8.94
2462,2021-12-17,438486,399,12426186,29.0,29.0,27.95,28.05,1.15,28.05,11,28.1,1,32.62
2464,2021-12-17,351510,278,14718456,41.8,42.1,41.75,41.85,0.2,41.8,4,41.85,7,15.56
2465,2021-12-17,1079421,1167,76676454,71.4,71.9,70.4,70.5,0.8,70.5,64,70.6,3,9.78
2466,2021-12-17,69031,34,2440186,35.3,35.4,35.3,35.35,0.05,35.3,1,35.4,3,1178.33
2467,2021-12-17,390723,280,19294092,49.8,49.8,49.1,49.1,0.8,49.05,27,49.1,4,11.77
2468,2021-12-17,252100,108,3472660,13.75,13.85,13.7,13.7,0.05,13.7,2,13.8,11,31.14
2471,2021-12-17,61103,67,1563986,25.5,25.75,25.5,25.6,0.05,25.55,2,25.6,2,13.33
2472,2021-12-17,328664,283,20791457,63.5,63.7,63.1,63.1,0.6,63.1,15,63.3,3,11.91
2474,2021-12-17,3047538,1521,469568078,154.0,155.5,153.5,154.0,0.0,154.0,46,154.5,259,6.14
2476,2021-12-17,2701026,1917,162480419,61.0,61.0,59.6,60.0,1.0,60.0,60,60.1,5,17.6
2477,2021-12-17,620212,341,18686658,30.7,30.7,29.9,30.0,0.7,30.0,8,30.1,1,3.56
2478,2021-12-17,279215,302,17897412,64.3,64.9,63.8,63.8,0.5,63.7,19,64.5,1,11.31
2480,2021-12-17,93244,87,6776362,72.5,72.8,72.4,72.7,0.2,72.7,12,72.8,17,13.98
2481,2021-12-17,9097451,6669,954507265,107.5,107.5,103.5,104.5,4.5,104.0,235,105.0,115,20.49
2482,2021-12-17,2892044,1456,48584871,16.85,17.5,16.3,17.1,0.2,17.05,12,17.1,1,0.0
2483,2021-12-17,157795,174,3762032,24.0,24.1,23.7,24.1,0.0,23.9,1,24.1,9,20.78
2484,2021-12-17,2598531,1949,102890572,40.0,40.15,39.15,39.25,1.1,39.25,6,39.3,5,20.23
2485,2021-12-17,4869644,2186,107419551,22.7,22.7,21.75,21.9,0.8,21.9,50,21.95,5,0.0
2486,2021-12-17,3632097,2789,186139473,52.6,52.6,50.7,50.9,1.8,50.8,120,50.9,5,39.46
2488,2021-12-17,28572,29,780079,27.35,27.4,27.2,27.2,0.2,27.25,1,27.3,1,14.7
2489,2021-12-17,4152899,2001,71701999,17.4,17.4,17.15,17.4,0.0,17.3,43,17.4,171,2.2
2491,2021-12-17,160662,104,3349142,20.9,21.05,20.75,20.75,0.15,20.75,1,20.8,3,11.59
2492,2021-12-17,2854143,2212,474213198,165.0,167.5,165.0,166.5,0.5,166.5,34,167.0,63,9.33
2493,2021-12-17,82425,77,3107295,37.75,37.75,37.65,37.75,0.0,37.7,4,37.75,4,14.19
2495,2021-12-17,28427530,10674,585367103,20.85,21.7,19.5,20.0,0.8,20.0,115,20.05,7,80.0
2496,2021-12-17,54127,53,2677628,49.4,50.6,48.75,49.6,0.05,49.35,1,49.6,2,16.93
2497,2021-12-17,23336529,14394,1922352716,80.0,89.0,76.3,80.0,1.0,79.9,2,80.0,28,500.0
2498,2021-12-17,60830917,29240,4939113664,81.9,82.8,79.5,80.8,2.5,80.8,146,80.9,2,0.0
2501,2021-12-17,525693,240,10046954,19.1,19.2,19.1,19.1,0.0,19.1,37,19.15,7,25.13
2504,2021-12-17,37014754,15565,1090650364,28.45,30.2,28.1,29.6,1.5,29.6,71,29.65,34,12.54
2505,2021-12-17,262557,159,6135166,23.25,23.5,23.25,23.35,0.1,23.35,5,23.4,3,8.65
2506,2021-12-17,117137,105,1129835,9.57,9.78,9.57,9.67,0.15,9.67,8,9.73,3,19.34
2509,2021-12-17,82994,185,1513734,18.2,18.3,18.2,18.2,0.0,18.2,22,18.25,10,17.5
2511,2021-12-17,5340819,1743,72742265,13.35,13.85,13.3,13.55,0.2,13.5,208,13.55,62,13.55
2514,2021-12-17,79533,74,1399625,17.45,17.75,17.45,17.7,0.2,17.65,12,17.75,7,2.92
2515,2021-12-17,2854353,775,25285471,8.86,8.9,8.82,8.87,0.06,8.85,2,8.87,35,26.88
2516,2021-12-17,462097,138,2861023,6.16,6.21,6.16,6.16,0.0,6.16,10,6.19,26,0.0
2520,2021-12-17,1618725,1067,61172539,37.85,37.95,37.6,37.7,0.15,37.7,45,37.75,51,4.44
2524,2021-12-17,70050,48,2810532,39.95,40.5,39.55,40.25,0.3,40.25,1,40.3,2,9.7
2527,2021-12-17,316745,174,9941479,31.4,31.6,31.05,31.4,0.0,31.35,8,31.4,1,5.11
2528,2021-12-17,27273,15,594910,21.8,21.9,21.8,21.85,0.1,21.85,6,21.9,17,34.14
2530,2021-12-17,286719,145,4122925,14.3,14.5,14.3,14.35,0.05,14.35,10,14.4,9,0.0
2534,2021-12-17,2033605,1022,47787848,23.2,23.75,23.2,23.5,0.4,23.45,71,23.5,23,13.2
2535,2021-12-17,396262,297,12658843,32.0,32.1,31.9,31.9,0.05,31.9,29,31.95,5,8.39
2536,2021-12-17,528540,242,12226536,23.0,23.3,22.95,23.3,0.25,23.2,5,23.3,8,77.67
2537,2021-12-17,1343610,374,13784129,10.3,10.35,10.2,10.25,0.05,10.2,369,10.25,29,9.76
2538,2021-12-17,4820638,1380,60250262,12.65,12.7,12.3,12.55,0.2,12.5,169,12.6,49,0.0
2539,2021-12-17,159686,75,4982380,31.2,31.25,31.15,31.25,0.05,31.25,1,31.3,31,23.5
2540,2021-12-17,42429,35,3053891,72.0,72.0,71.6,72.0,0.0,72.0,3,72.1,3,13.07
2542,2021-12-17,8059196,4292,380004249,47.1,47.35,46.95,47.25,0.0,47.25,30,47.3,131,7.8
2543,2021-12-17,90010,34,686545,7.54,7.68,7.53,7.65,0.06,7.57,2,7.63,2,31.88
2545,2021-12-17,238675,183,8798830,36.7,37.15,36.7,36.8,0.25,36.8,29,36.95,1,8.16
2546,2021-12-17,26477,48,1297268,49.25,49.25,48.9,49.0,0.1,48.9,2,49.15,1,6.97
2547,2021-12-17,954513,337,9546076,9.99,10.05,9.96,10.05,0.06,9.99,8,10.05,72,50.25
2548,2021-12-17,258725,270,23834490,91.8,92.4,91.6,92.4,0.4,91.9,3,92.4,2,11.44
2597,2021-12-17,132864,119,15864483,119.5,120.0,119.0,119.5,0.0,119.5,7,120.0,28,12.44
2601,2021-12-17,8072086,2942,106430566,13.1,13.45,12.9,12.9,0.15,12.9,326,13.0,1,53.75
2603,2021-12-17,109031293,46224,15480523685,140.5,144.0,140.0,140.5,0.5,140.5,1262,141.0,602,4.33
2605,2021-12-17,8811031,4231,266812672,29.8,30.75,29.6,29.95,0.35,29.9,83,30.0,21,76.79
2606,2021-12-17,28416997,11090,1737624556,60.2,62.0,60.0,60.8,1.1,60.8,223,61.0,13,14.37
2607,2021-12-17,3365287,1823,96619720,28.55,29.2,28.35,28.45,0.0,28.4,65,28.45,1,36.47
2608,2021-12-17,775045,587,34346401,43.85,44.6,43.85,44.6,0.8,44.5,4,44.6,1,15.02
2609,2021-12-17,51418685,22817,6392332925,123.0,126.0,122.5,123.5,1.5,123.5,739,124.0,1547,3.59
2610,2021-12-17,159970195,38376,4264702851,26.55,27.2,26.15,26.2,0.5,26.2,1085,26.25,178,40.31
2611,2021-12-17,1743176,820,35954759,20.4,20.9,20.3,20.4,0.15,20.4,3,20.45,5,7.31
2612,2021-12-17,3310099,2142,200726899,59.4,61.6,59.4,60.1,1.1,60.1,11,60.3,52,15.37
2613,2021-12-17,221527,163,5796370,26.15,26.55,25.85,26.15,0.1,26.1,2,26.15,1,25.39
2614,2021-12-17,5054228,3014,162741595,31.85,32.65,31.8,31.95,0.15,31.95,15,32.0,36,21.02
2615,2021-12-17,53006033,29442,10695021779,198.5,204.5,198.0,200.0,3.5,200.0,566,200.5,82,6.34
2616,2021-12-17,44878,86,1634118,36.4,36.45,36.35,36.4,0.0,36.4,5,36.45,2,11.9
2617,2021-12-17,5953008,2883,229088354,37.9,38.95,37.9,38.0,0.3,38.0,10,38.1,35,14.79
2618,2021-12-17,89116544,26607,2385949210,26.7,27.35,26.3,26.4,0.4,26.35,929,26.4,192,0.0
2630,2021-12-17,129667,84,2421409,18.6,18.9,18.6,18.65,0.05,18.65,36,18.75,4,38.85
2633,2021-12-17,8450928,2567,247071614,29.4,29.6,29.1,29.15,0.3,29.15,199,29.2,5,31.01
2634,2021-12-17,942548,471,27359104,29.1,29.1,28.95,29.1,0.0,29.1,2,29.15,31,57.06
2636,2021-12-17,3084063,2299,425310563,136.0,140.0,135.5,137.0,2.0,137.0,1,137.5,16,6.39
2637,2021-12-17,44747068,28484,3748737581,81.0,86.1,80.5,83.4,3.7,83.4,26,83.5,84,11.21
2642,2021-12-17,1065207,1045,78354901,73.0,74.5,73.0,73.5,1.0,73.4,18,73.5,10,28.05
2701,2021-12-17,74125,48,890601,12.1,12.1,11.95,12.05,0.05,12.05,30,12.1,7,44.63
2702,2021-12-17,67360,43,1729494,25.5,25.85,25.5,25.55,0.15,25.5,13,25.7,2,0.0
2704,2021-12-17,162608,127,4958268,30.55,30.6,30.4,30.55,0.0,30.5,3,30.55,1,0.0
2705,2021-12-17,171868,92,2962408,17.35,17.35,17.15,17.25,0.15,17.2,14,17.25,2,0.0
2706,2021-12-17,99571,181,1414371,14.2,14.3,14.15,14.15,0.1,14.15,6,14.2,5,47.17
2707,2021-12-17,112609,134,16801969,149.0,150.0,148.5,149.0,0.5,149.0,3,149.5,10,9.02
2712,2021-12-17,3042,4,112266,37.0,37.0,36.7,37.0,0.1,36.2,1,37.0,4,1233.33
2722,2021-12-17,13290,29,405953,30.6,30.6,30.45,30.45,0.1,30.4,7,30.45,2,1522.5
2723,2021-12-17,282055,363,31660727,113.0,113.0,111.5,112.0,1.5,112.0,1,112.5,4,15.95
2727,2021-12-17,260525,506,35109748,136.0,136.5,134.0,134.5,1.5,134.5,5,135.0,7,0.0
2731,2021-12-17,108178,99,9187810,85.0,85.3,84.8,84.8,0.5,85.0,2,85.2,3,0.0
2739,2021-12-17,21024,11,474046,22.55,22.7,22.45,22.55,0.3,22.55,4,22.6,1,0.0
2748,2021-12-17,131957,167,5165540,39.2,39.25,39.05,39.1,0.2,39.1,11,39.15,19,0.0
2753,2021-12-17,97220,146,12511474,130.0,130.0,128.0,128.5,1.5,128.5,4,129.0,4,13.76
2801,2021-12-17,18201071,2595,302576151,16.7,16.8,16.55,16.6,0.1,16.6,344,16.65,425,21.28
2809,2021-12-17,12113707,4441,477144934,39.5,39.8,39.25,39.45,0.05,39.4,143,39.45,4,5.73
2812,2021-12-17,4252965,1234,51113513,12.0,12.05,12.0,12.05,0.05,12.0,2035,12.05,2304,11.26
2816,2021-12-17,42993,41,834528,19.45,19.5,19.4,19.45,0.05,19.45,1,19.5,7,9.17
2820,2021-12-17,2457840,1117,41622202,16.9,17.05,16.9,16.9,0.05,16.9,49,16.95,22,12.43
2823,2021-12-17,124145625,16648,3808460425,30.5,31.0,30.45,30.55,0.05,30.55,2405,30.7,5,5.43
2832,2021-12-17,125632,77,2516919,20.05,20.1,20.0,20.05,0.0,20.05,49,20.1,18,286.43
2834,2021-12-17,19314270,3718,186464187,9.64,9.69,9.63,9.65,0.01,9.65,15,9.66,100,14.62
2836,2021-12-17,446116,155,5217493,11.65,11.75,11.65,11.7,0.05,11.7,7,11.75,36,16.03
2836A,2021-12-17,4018,4,97838,24.35,24.35,24.35,24.35,0.05,24.3,5,24.4,4,0.0
2838,2021-12-17,1048643,353,13676366,13.0,13.1,12.95,13.1,0.1,13.05,219,13.1,197,10.08
2838A,2021-12-17,19120,11,1006413,52.7,52.7,52.6,52.7,0.1,52.6,7,52.7,29,0.0
2841,2021-12-17,405881,219,1654471,4.13,4.13,4.05,4.05,0.06,4.05,35,4.06,7,0.0
2845,2021-12-17,2984558,689,31412022,10.55,10.6,10.5,10.5,0.0,10.5,2099,10.55,27,15.44
2849,2021-12-17,598590,209,9769029,16.4,16.5,16.3,16.3,0.1,16.3,55,16.4,80,12.83
2850,2021-12-17,91981,80,4297810,46.7,46.8,46.6,46.8,0.0,46.7,2,46.8,3,6.93
2851,2021-12-17,248048,148,7021105,28.25,28.4,28.25,28.35,0.1,28.3,23,28.35,21,9.64
2852,2021-12-17,52184,38,756532,14.5,14.55,14.45,14.5,0.0,14.45,22,14.5,37,10.07
2855,2021-12-17,957537,406,21898496,22.75,23.0,22.75,23.0,0.25,23.0,1,23.05,55,6.61
2867,2021-12-17,1880882,617,17184463,9.11,9.18,9.11,9.12,0.0,9.12,121,9.15,8,7.86
2880,2021-12-17,9091632,2335,190508660,20.85,21.0,20.8,21.0,0.2,20.95,253,21.0,1472,15.44
2881,2021-12-17,94657439,8935,7043586364,74.9,75.2,74.3,74.3,0.6,74.3,1801,74.5,1,6.12
2881A,2021-12-17,55035,5,3476201,63.2,63.2,63.1,63.2,0.0,63.1,178,63.2,74,0.0
2881B,2021-12-17,46252,18,2900248,62.7,62.8,62.7,62.7,0.1,62.6,4,62.8,57,0.0
2881C,2021-12-17,134801,173,8107066,60.1,60.2,60.1,60.2,0.1,60.1,152,60.2,185,0.0
2882,2021-12-17,15747498,4464,952220948,60.3,60.7,60.2,60.5,0.2,60.5,196,60.6,1070,6.7
2882A,2021-12-17,102421,39,6441153,62.9,63.0,62.8,63.0,0.1,62.8,183,63.0,118,0.0
2882B,2021-12-17,2420,7,151706,62.7,62.8,62.7,62.8,0.0,62.5,125,62.8,68,0.0
2883,2021-12-17,223338306,26122,3760222159,16.5,17.0,16.5,16.85,0.35,16.8,2189,16.85,1689,7.33
2884,2021-12-17,16264760,4755,454687646,27.85,28.0,27.8,28.0,0.15,27.95,371,28.0,4849,18.79
2885,2021-12-17,16178488,3325,404456846,24.85,25.1,24.75,25.05,0.2,25.05,224,25.1,2621,9.24
2886,2021-12-17,28876372,5541,1031381685,35.25,35.9,35.25,35.9,0.3,35.9,403,35.95,143,18.99
2887,2021-12-17,15719232,3359,294141811,18.65,18.75,18.6,18.75,0.1,18.7,356,18.75,2169,11.16
2887E,2021-12-17,80884,114,4294094,53.1,53.1,53.0,53.0,0.0,53.0,190,53.1,1,0.0
2887F,2021-12-17,4236,6,219363,51.8,51.8,51.8,51.8,0.0,51.8,174,51.9,16,0.0
2888,2021-12-17,62442640,8126,662763932,10.5,10.7,10.45,10.6,0.1,10.55,5741,10.6,829,8.28
2888A,2021-12-17,31363,31,1326318,42.3,42.3,42.25,42.3,0.0,42.25,28,42.3,10,0.0
2888B,2021-12-17,53483,39,2279592,42.6,42.65,42.55,42.6,0.0,42.55,10,42.6,3,0.0
2889,2021-12-17,7826774,1911,124179827,15.85,16.0,15.85,15.85,0.0,15.85,202,15.9,179,11.92
2890,2021-12-17,19126207,4143,303610614,15.75,15.95,15.7,15.9,0.15,15.85,612,15.9,238,11.36
2891,2021-12-17,47885174,7695,1228390529,25.65,25.85,25.5,25.6,0.1,25.6,1026,25.65,200,9.62
2891B,2021-12-17,6111,6,384961,63.0,63.0,63.0,63.0,0.3,62.7,6,63.0,77,0.0
2891C,2021-12-17,6282,10,384241,61.1,61.3,61.1,61.3,0.0,61.0,17,61.2,10,0.0
2892,2021-12-17,14934032,3835,359844411,24.0,24.15,23.95,24.15,0.2,24.1,27,24.15,434,15.68
2897,2021-12-17,803876,219,6345853,7.86,7.92,7.86,7.89,0.01,7.88,85,7.89,30,14.09
2897A,2021-12-17,39270,38,396600,10.1,10.1,10.1,10.1,0.05,10.1,4,10.15,38,0.0
2901,2021-12-17,31566,62,789269,25.15,25.15,24.85,24.85,0.25,24.8,1,25.0,3,621.25
2903,2021-12-17,300355,205,6351108,21.05,21.2,21.05,21.2,0.15,21.15,10,21.2,8,18.43
2904,2021-12-17,20075,23,505550,25.25,25.25,25.15,25.15,0.1,25.15,16,25.2,9,16.99
2905,2021-12-17,319726,177,7140698,22.35,22.4,22.3,22.3,0.05,22.25,15,22.3,10,9.06
2906,2021-12-17,163344,54,2531053,15.5,15.55,15.35,15.5,0.1,15.4,4,15.5,22,34.44
2908,2021-12-17,326732,142,6869005,21.1,21.15,20.9,20.9,0.1,20.9,3,21.1,31,12.82
2910,2021-12-17,8050,8,293357,36.5,37.05,36.0,36.5,0.0,36.2,1,36.55,1,46.79
2911,2021-12-17,109557,161,880627,8.05,8.06,8.02,8.04,0.01,8.03,3,8.04,9,0.0
2912,2021-12-17,1421440,1052,389425539,272.5,275.0,272.0,275.0,2.0,274.5,35,275.0,69,32.43
2913,2021-12-17,780307,363,15282039,19.55,19.7,19.5,19.55,0.05,19.55,18,19.6,13,977.5
2915,2021-12-17,10544036,4427,979027873,92.7,93.5,92.0,93.4,0.3,93.0,34,93.4,4,3.53
2923,2021-12-17,7050,8,188082,26.75,26.8,26.4,26.4,0.3,26.45,93,26.7,1,27.22
2929,2021-12-17,206165,141,2413572,11.85,11.85,11.55,11.55,0.15,11.55,26,11.7,1,0.0
2936,2021-12-17,8000,8,215200,26.85,27.0,26.7,27.0,0.1,26.65,1,27.0,3,7.87
2939,2021-12-17,21002,21,567102,27.1,27.15,26.75,26.85,0.15,26.7,2,26.85,1,45.51
2945,2021-12-17,155519,170,11381176,72.7,74.0,72.4,72.7,0.2,72.6,7,72.7,1,23.91
3002,2021-12-17,173088,93,2180989,12.65,12.7,12.55,12.6,0.2,12.55,1,12.6,15,315.0
3003,2021-12-17,1074020,1445,99291342,93.5,93.5,91.8,92.2,1.6,92.2,9,92.3,4,22.77
3004,2021-12-17,57017,58,3249387,57.1,57.8,56.8,56.9,0.7,56.9,9,57.1,5,0.0
3005,2021-12-17,3227777,1037,173223426,54.1,54.3,53.4,53.6,0.5,53.6,47,53.7,2,7.38
3006,2021-12-17,6458133,12783,1056504572,163.5,166.0,162.0,163.5,4.0,163.0,31,163.5,14,10.89
3008,2021-12-17,2967710,8870,6455199270,2065.0,2235.0,2060.0,2235.0,200.0,2235.0,394,,0,14.63
3010,2021-12-17,3611774,2964,336708505,91.2,94.4,91.1,93.9,3.3,93.9,2,94.0,22,8.8
3011,2021-12-17,1841630,517,21800522,12.25,12.35,11.6,11.75,0.25,11.75,31,11.8,6,0.0
3013,2021-12-17,1552710,786,22837502,14.9,15.15,14.4,14.55,0.15,14.55,15,14.6,11,0.0
3014,2021-12-17,1147980,892,121182296,106.5,107.0,104.5,105.0,1.5,104.5,48,105.0,19,10.31
3015,2021-12-17,232222,158,10226102,44.3,44.4,43.7,44.2,0.15,44.1,2,44.2,2,11.98
3016,2021-12-17,13557216,9866,1811118357,137.0,138.0,130.5,132.0,9.0,132.0,62,132.5,45,134.69
3017,2021-12-17,3961987,3623,346963834,88.5,88.8,86.8,86.9,2.3,86.9,43,87.0,7,11.36
3018,2021-12-17,195007,252,3204370,16.45,16.6,16.2,16.55,0.1,16.5,4,16.6,12,0.0
3019,2021-12-17,8426933,5771,774909587,93.2,93.5,91.0,91.2,3.0,91.2,38,91.3,6,21.16
3021,2021-12-17,841380,474,21772194,26.2,26.3,25.3,25.65,0.35,25.65,2,25.7,1,17.69
3022,2021-12-17,113111,118,5056787,44.65,45.2,44.5,44.55,0.1,44.5,1,44.6,9,8.22
3023,2021-12-17,2641491,18509,688647788,271.5,271.5,259.0,259.0,16.0,259.0,25,259.5,1,25.8
3024,2021-12-17,652802,291,8957827,13.65,13.85,13.6,13.65,0.0,13.65,57,13.7,10,21.33
3025,2021-12-17,3543232,1939,88334141,24.0,25.65,24.0,24.4,0.45,24.4,28,24.45,57,106.09
3026,2021-12-17,685863,589,80374819,118.0,118.5,116.5,117.0,1.0,117.0,17,117.5,25,9.77
3027,2021-12-17,258199,138,5713206,22.2,22.25,22.0,22.1,0.25,22.1,10,22.2,3,130.0
3028,2021-12-17,3078918,2401,105198485,34.05,34.85,33.75,34.2,0.25,34.15,15,34.25,14,8.81
3029,2021-12-17,757195,596,32303682,42.65,42.85,42.55,42.6,0.3,42.6,36,42.65,14,10.73
3030,2021-12-17,358284,435,20328777,56.9,57.0,56.6,56.7,0.2,56.7,4,56.8,16,12.52
3031,2021-12-17,1102926,715,27717606,25.8,25.8,24.9,24.95,0.65,24.95,4,25.0,14,17.21
3032,2021-12-17,176278,140,5602140,31.55,31.95,31.55,31.9,0.35,31.9,2,31.95,21,10.7
3033,2021-12-17,6579600,3575,197813021,30.1,30.35,29.85,30.15,0.3,30.15,11,30.2,49,8.4
3034,2021-12-17,7851355,7896,4154917720,525.0,533.0,523.0,531.0,3.0,531.0,156,532.0,125,10.23
3035,2021-12-17,101428240,66080,22612210867,219.0,229.5,216.0,225.5,8.0,225.0,18,225.5,131,79.96
3036,2021-12-17,4568047,2343,298103972,65.1,65.9,64.7,65.1,0.8,65.1,22,65.3,2,8.55
3036A,2021-12-17,38000,15,1861100,49.0,49.0,48.95,49.0,0.0,48.95,15,49.0,4,0.0
3037,2021-12-17,55442100,30880,12402338730,225.5,231.5,218.0,222.0,3.0,221.5,7,222.0,376,31.85
3038,2021-12-17,331489,173,6316538,19.1,19.15,19.0,19.0,0.05,19.0,11,19.05,2,13.48
3040,2021-12-17,33388,28,1266153,37.95,37.95,37.9,37.9,0.05,37.9,20,37.95,12,15.86
3041,2021-12-17,20879909,11566,723428094,35.1,35.6,33.65,33.65,2.4,33.65,50,33.7,2,0.0
3042,2021-12-17,3197662,2318,327789281,103.5,103.5,101.5,102.0,1.5,102.0,97,102.5,77,11.22
3043,2021-12-17,282881,63,1068674,3.78,3.78,3.75,3.75,0.03,3.75,9,3.78,94,0.0
3044,2021-12-17,1613042,1412,198580782,125.0,125.0,121.5,123.5,1.5,123.0,5,123.5,36,10.53
3045,2021-12-17,3397987,897,335686124,98.6,98.9,98.5,98.9,0.3,98.8,17,98.9,150,26.23
3046,2021-12-17,1966864,1443,91673138,47.0,49.65,43.75,46.4,1.3,46.4,11,46.45,1,32.0
3047,2021-12-17,12829212,5071,167502453,13.4,13.7,12.6,12.8,0.9,12.8,36,12.85,14,0.0
3048,2021-12-17,699938,533,22437875,32.0,32.3,31.95,32.05,0.1,32.0,5,32.05,7,7.47
3049,2021-12-17,107608213,30723,1718322593,15.5,16.7,15.5,15.65,0.35,15.6,1188,15.65,25,12.72
3050,2021-12-17,2947445,837,53167716,18.15,18.4,17.75,18.15,0.05,18.15,34,18.2,8,19.95
3052,2021-12-17,180854,129,1891680,10.5,10.5,10.4,10.5,0.0,10.5,3,10.55,35,21.43
3054,2021-12-17,66097,48,1576509,23.95,24.0,23.65,23.75,0.35,23.75,1,23.95,1,47.5
3055,2021-12-17,94733,284,2689208,28.5,28.5,28.2,28.25,0.45,28.25,1,28.3,1,0.0
3056,2021-12-17,793481,569,32783848,41.6,41.65,41.15,41.5,0.1,41.3,1,41.5,15,5.86
3057,2021-12-17,2279454,1087,34196957,15.05,15.4,14.7,15.4,0.05,15.15,9,15.4,7,0.0
3058,2021-12-17,578622,370,9444703,16.3,16.45,16.2,16.4,0.05,16.4,205,16.45,8,0.0
3059,2021-12-17,48223699,24667,2378674127,49.45,50.7,47.8,48.4,0.9,48.35,43,48.4,89,58.31
3060,2021-12-17,23428107,10598,652279519,27.5,28.85,26.65,28.15,0.45,28.1,4,28.2,51,70.38
3062,2021-12-17,8866113,4321,265329157,30.45,30.8,29.4,29.65,0.95,29.65,60,29.7,1,118.6
3090,2021-12-17,538660,398,28303227,53.0,53.1,52.2,52.2,0.9,52.1,29,52.3,92,11.81
3092,2021-12-17,521543,327,27357429,53.0,53.1,51.9,51.9,0.9,51.8,31,51.9,2,0.0
3094,2021-12-17,1470980,1091,50802598,35.55,35.55,33.95,34.15,1.5,34.15,19,34.2,4,46.78
3130,2021-12-17,62592,198,10948669,176.0,178.5,171.0,174.5,0.5,173.0,1,175.0,2,16.71
3138,2021-12-17,1138992,3277,268091677,237.0,243.0,229.0,233.5,5.5,233.0,9,233.5,3,54.68
3149,2021-12-17,415745,336,12990769,31.15,31.5,31.1,31.1,0.2,31.1,34,31.15,5,0.0
3164,2021-12-17,99732,56,2399224,24.0,24.2,24.0,24.15,0.05,24.05,1,24.15,6,27.13
3167,2021-12-17,1213207,938,114945532,97.3,97.3,93.0,93.2,5.0,93.2,12,93.4,1,11.35
3189,2021-12-17,5245293,8165,1213950355,230.0,236.0,228.0,231.0,2.5,230.5,92,231.0,1,39.09
3209,2021-12-17,359944,243,10324946,28.7,28.8,28.6,28.7,0.0,28.7,6,28.75,5,8.04
3229,2021-12-17,266143,147,1760704,6.92,6.92,6.5,6.6,0.19,6.53,2,6.68,12,0.0
3231,2021-12-17,10544075,3541,304550749,29.05,29.15,28.8,28.85,0.2,28.85,192,28.9,1,11.05
3257,2021-12-17,281873,261,18262987,65.3,65.3,64.5,64.8,0.8,64.8,5,64.9,1,12.83
3266,2021-12-17,95000,34,1288800,13.5,13.7,13.5,13.65,0.05,13.65,23,13.7,37,37.92
3296,2021-12-17,306282,169,5538152,18.0,18.2,17.95,18.2,0.1,18.0,5,18.2,11,0.0
3305,2021-12-17,3577796,3019,282717776,80.0,80.5,77.3,78.3,2.7,78.3,62,78.4,33,20.03
3308,2021-12-17,3830255,1379,46624079,13.05,13.05,10.85,12.0,0.05,11.95,6,12.0,59,0.0
3311,2021-12-17,119385,159,4226642,35.05,35.85,34.95,34.95,0.1,34.95,1,35.05,2,33.29
3312,2021-12-17,983702,584,23246853,23.9,23.95,23.4,23.5,0.4,23.45,17,23.6,4,7.48
3321,2021-12-17,649016,357,9040515,14.2,14.2,13.8,13.85,0.35,13.85,31,13.9,13,0.0
3338,2021-12-17,1239277,935,64155927,53.0,53.0,51.2,51.4,1.5,51.4,4,51.5,12,29.2
3346,2021-12-17,1196611,1111,55535085,47.0,47.4,45.8,46.0,0.95,46.0,35,46.3,5,37.1
3356,2021-12-17,353092,263,11020028,31.2,31.6,30.85,31.05,0.15,31.05,2,31.1,1,14.44
3376,2021-12-17,868310,719,79497222,92.6,92.6,90.7,92.1,0.1,92.1,11,92.3,4,12.83
3380,2021-12-17,4674617,2653,154454607,33.85,33.85,32.55,32.65,1.2,32.65,70,32.7,8,30.8
3383,2021-12-17,64667,20,261750,4.06,4.06,4.05,4.06,0.0,3.95,1,4.06,7,0.0
3406,2021-12-17,1960886,2019,1042384843,530.0,542.0,526.0,529.0,8.0,529.0,204,530.0,3,24.99
3413,2021-12-17,752813,3335,173298080,232.0,234.0,228.0,229.5,3.0,229.0,12,229.5,4,14.32
3416,2021-12-17,43163,35,3280318,76.3,76.5,75.8,76.1,0.2,76.0,3,76.2,3,15.34
3419,2021-12-17,8928051,4218,229021082,26.35,26.6,24.9,25.4,1.45,25.35,6,25.4,2,0.0
3432,2021-12-17,197002,80,2914178,14.8,14.95,14.65,14.7,0.1,14.7,12,14.75,15,22.62
3437,2021-12-17,903719,539,23048324,25.95,26.05,25.3,25.5,0.6,25.4,1,25.5,3,79.69
3443,2021-12-17,4887305,6899,3038692891,651.0,653.0,604.0,604.0,57.0,604.0,11,607.0,1,52.11
3450,2021-12-17,229822,314,12651605,55.7,55.7,54.7,54.9,0.8,54.8,15,54.9,1,22.59
3454,2021-12-17,45839,63,3308512,72.0,72.4,71.9,72.1,0.2,72.1,3,72.3,1,37.36
3481,2021-12-17,176308650,33997,3404710815,18.9,19.55,18.85,19.3,0.15,19.3,2090,19.35,1725,3.3
3494,2021-12-17,40120,73,193535,4.82,4.84,4.8,4.8,0.02,4.8,10,4.83,9,0.0
3501,2021-12-17,96140,72,4604380,47.75,48.05,47.75,47.75,0.0,47.75,7,47.9,10,16.08
3504,2021-12-17,1374312,1074,163480206,120.0,121.0,117.0,119.5,2.5,119.0,5,119.5,22,0.0
3515,2021-12-17,2341762,2885,647747108,273.5,283.5,272.0,272.0,6.0,272.0,2,273.0,4,15.95
3518,2021-12-17,205072,103,4618431,23.05,23.05,22.3,22.6,0.5,22.55,1,22.65,2,565.0
3528,2021-12-17,8680,29,433510,50.1,50.1,49.7,49.75,0.25,49.85,1,49.95,2,12.41
3530,2021-12-17,974207,1697,131534938,136.5,138.5,133.5,134.0,3.0,134.0,48,134.5,2,13.87
3532,2021-12-17,5068023,9276,1478514082,297.5,300.0,286.0,294.5,7.5,294.0,27,295.0,32,85.86
3533,2021-12-17,404773,520,277765619,697.0,697.0,682.0,687.0,9.0,685.0,17,689.0,1,23.36
3535,2021-12-17,463595,274,8193982,18.0,18.0,17.55,17.65,0.35,17.65,2,17.7,18,0.0
3536,2021-12-17,12000,4,70960,5.98,5.98,5.9,5.9,0.08,5.8,3,5.9,1,0.0
3543,2021-12-17,78040,50,2081698,26.85,26.9,26.55,26.85,0.05,26.8,2,26.85,12,10.02
3545,2021-12-17,7146570,8868,1223400657,172.0,173.5,169.0,170.0,3.0,170.0,142,170.5,14,6.88
3550,2021-12-17,185454,116,3381005,18.45,18.45,18.1,18.15,0.3,18.15,2,18.2,3,12.35
3557,2021-12-17,64532,71,5014571,78.2,78.4,77.1,77.9,0.5,77.4,2,77.9,6,9.81
3563,2021-12-17,231684,266,54430472,232.5,236.0,232.0,236.0,3.5,235.5,5,236.0,3,13.23
3576,2021-12-17,9654180,2810,205487507,21.6,21.9,21.0,21.0,0.6,21.0,78,21.4,2,0.0
3583,2021-12-17,604833,452,48362943,80.3,80.8,79.4,79.6,0.9,79.6,4,79.8,1,15.92
3588,2021-12-17,2286396,1875,327920277,145.5,146.0,140.5,144.5,3.5,144.0,1,144.5,10,32.11
3591,2021-12-17,1724286,944,39726838,23.5,23.6,22.8,22.8,0.8,22.8,49,22.85,2,26.82
3593,2021-12-17,63327,46,986547,15.6,15.7,15.5,15.7,0.1,15.65,2,15.7,12,23.43
3596,2021-12-17,36152913,24630,4692391293,127.5,135.0,124.5,125.5,1.5,125.0,235,125.5,35,14.23
3605,2021-12-17,1150224,901,55772210,49.2,49.3,48.05,48.1,1.4,48.1,14,48.15,3,11.53
3607,2021-12-17,32774394,13218,593536623,17.6,18.95,17.0,18.5,1.15,18.5,1,18.55,15,0.0
3617,2021-12-17,25023,21,1721593,69.1,69.1,68.5,69.0,0.3,68.8,4,69.0,4,21.3
3622,2021-12-17,163167,115,4617977,28.7,28.8,28.0,28.2,0.35,28.2,1,28.25,2,19.05
3645,2021-12-17,215594,201,8938225,41.45,41.75,41.3,41.4,0.5,41.35,6,41.4,2,16.05
3653,2021-12-17,1133413,1382,473982903,422.0,424.0,412.5,419.5,9.5,419.5,9,420.0,3,50.06
3661,2021-12-17,2000656,1785,1937155400,948.0,985.0,948.0,961.0,6.0,961.0,17,966.0,1,49.26
3665,2021-12-17,607396,322,146973994,241.0,243.0,240.0,242.0,1.0,242.0,48,242.5,2,15.73
3669,2021-12-17,151325,149,7617697,50.1,50.7,50.0,50.2,0.1,50.2,25,50.3,1,5.7
3673,2021-12-17,1181740,667,49786924,42.0,42.45,41.9,42.1,0.2,42.1,31,42.2,11,14.37
3679,2021-12-17,89545,85,7936489,87.8,89.7,87.8,89.2,1.4,88.8,2,89.2,1,8.81
3682,2021-12-17,4574770,1158,37177757,8.23,8.29,8.04,8.04,0.19,8.04,308,8.05,112,0.0
3686,2021-12-17,547368,309,8716405,15.9,16.1,15.8,15.8,0.35,15.8,123,16.0,32,0.0
3694,2021-12-17,1247715,800,33140482,27.05,27.25,26.25,26.3,0.8,26.3,8,26.4,8,16.44
3701,2021-12-17,15177437,10022,1189881864,77.6,83.0,74.3,76.0,1.3,75.9,4,76.0,28,71.7
3702,2021-12-17,8192751,2386,415327792,50.6,51.0,50.3,50.8,0.2,50.7,16,50.8,169,8.77
3702A,2021-12-17,14000,8,695650,49.7,49.7,49.65,49.7,0.0,49.65,10,49.7,6,0.0
3703,2021-12-17,819600,474,20668227,25.35,25.55,25.05,25.05,0.3,25.05,21,25.2,18,14.74
3704,2021-12-17,37278378,18767,1357817898,36.85,38.0,34.7,34.8,1.6,34.8,302,34.85,14,11.37
3705,2021-12-17,58821,59,2518284,42.7,42.95,42.7,42.8,0.05,42.75,6,42.85,2,15.79
3706,2021-12-17,33261374,15236,1151114045,34.6,35.0,34.1,34.1,0.3,34.1,294,34.15,45,3.3
3708,2021-12-17,4180947,2652,403078450,89.6,98.2,89.6,98.2,8.9,98.2,15617,,0,46.99
3711,2021-12-17,17312447,5746,1769129183,101.5,103.5,101.5,102.0,1.5,101.5,2693,102.0,136,10.23
3712,2021-12-17,764124,467,24524564,31.75,32.5,31.75,31.8,0.1,31.8,25,31.9,1,16.22
3714,2021-12-17,4179096,3505,320905678,77.8,77.9,76.2,76.5,1.6,76.5,12,76.6,9,0.0
4104,2021-12-17,92090,113,5255781,57.1,57.2,57.0,57.0,0.1,57.0,3,57.1,1,13.94
4106,2021-12-17,866038,581,25225597,29.15,29.8,28.75,28.75,0.15,28.75,11,28.8,8,26.62
4108,2021-12-17,320839,215,7448953,23.65,23.65,23.05,23.1,0.2,23.05,30,23.2,6,0.0
4119,2021-12-17,126932,138,10018668,78.5,79.2,78.5,79.0,0.3,78.9,6,79.0,7,0.0
4133,2021-12-17,2162564,1523,90982919,42.1,42.9,41.5,41.6,1.05,41.6,3,41.7,2,64.0
4137,2021-12-17,220324,187,53409552,241.5,245.5,241.0,241.0,2.0,240.5,5,241.0,87,14.31
4141,2021-12-17,5249687,2853,137735031,25.7,27.15,25.6,25.85,0.65,25.85,25,25.9,16,0.0
4142,2021-12-17,2061197,1166,90636194,43.5,44.65,43.3,44.65,1.5,44.6,10,44.65,5,19.41
4148,2021-12-17,18000,15,713450,39.85,40.0,39.45,39.95,0.1,39.7,1,40.0,4,16.65
4155,2021-12-17,81999,104,1923663,23.7,23.7,23.4,23.4,0.1,23.4,3,23.45,3,27.53
4164,2021-12-17,143749,130,5399058,37.75,37.75,37.4,37.55,0.2,37.5,2,37.55,8,19.97
4190,2021-12-17,52000,48,3729500,72.0,72.0,71.5,71.6,0.6,71.6,6,71.7,1,13.04
4306,2021-12-17,837578,325,12590881,15.0,15.1,14.95,15.0,0.0,15.0,27,15.05,22,26.79
4414,2021-12-17,4532913,1175,30398674,6.74,6.81,6.66,6.68,0.07,6.68,19,6.69,53,0.0
4426,2021-12-17,459967,328,10045992,22.1,22.4,21.35,21.35,0.8,21.35,5,21.55,55,0.0
4438,2021-12-17,95208,84,12819580,132.0,136.5,132.0,135.0,1.5,135.0,9,136.0,3,24.64
4439,2021-12-17,2000,2,262500,131.0,131.5,131.0,131.5,0.5,131.5,2,132.5,2,10.88
4440,2021-12-17,133970,82,6187442,45.95,46.4,45.95,46.05,0.1,46.05,3,46.2,1,11.4
4526,2021-12-17,229814,202,4004455,17.4,17.5,17.35,17.45,0.05,17.4,12,17.45,7,0.0
4532,2021-12-17,462376,183,8699798,18.7,19.0,18.7,18.75,0.05,18.7,36,18.8,62,14.1
4536,2021-12-17,31029,45,4306549,141.0,141.0,138.0,139.0,1.0,138.5,1,139.5,2,16.71
4540,2021-12-17,89401,60,4289149,48.0,48.1,47.65,48.0,0.0,47.95,1,48.0,1,19.35
4545,2021-12-17,41000,34,1195650,29.5,29.5,28.8,28.9,0.45,28.9,2,29.05,3,26.04
4551,2021-12-17,66300,199,11715136,178.0,178.5,175.5,176.0,3.0,176.0,2,176.5,1,16.79
4552,2021-12-17,49540,41,1576270,31.85,31.9,31.75,31.8,0.1,31.8,5,31.9,3,11.2
4555,2021-12-17,17000,16,876200,51.7,51.7,51.4,51.6,0.3,51.5,1,51.6,9,15.4
4557,2021-12-17,46122,30,3477938,75.3,75.8,75.2,75.3,0.0,75.3,2,75.4,1,19.56
4560,2021-12-17,84000,33,3503650,41.75,41.95,41.6,41.95,0.2,41.9,7,41.95,5,17.55
4562,2021-12-17,162002,99,2787634,17.2,17.25,17.15,17.2,0.0,17.2,1,17.25,22,0.0
4564,2021-12-17,317065,224,12653898,40.0,40.25,39.8,39.85,0.2,39.8,64,39.85,3,20.54
4566,2021-12-17,102310,100,4825220,46.9,47.5,46.9,47.5,0.6,47.1,1,47.5,4,19.0
4571,2021-12-17,75168,54,7523160,99.9,100.5,99.8,100.0,0.1,100.0,17,100.5,2,11.15
4572,2021-12-17,55014,55,5500400,100.0,100.5,99.7,100.0,0.5,99.9,1,100.0,1,89.29
4576,2021-12-17,77187,106,8290070,107.0,108.5,106.5,108.5,0.0,108.0,6,108.5,3,46.97
4581,2021-12-17,3000,3,105950,34.85,35.75,34.85,35.35,0.6,35.1,1,35.75,1,17.33
4720,2021-12-17,496259,310,7431022,15.0,15.1,14.85,15.0,0.1,14.95,14,15.0,39,33.33
4722,2021-12-17,664169,190,27936950,42.0,42.65,41.5,42.2,0.3,42.2,1,42.25,12,11.11
4737,2021-12-17,38105,37,2798867,74.5,74.5,73.0,73.6,1.2,73.6,1,73.8,3,44.07
4739,2021-12-17,2181853,1909,295463888,137.0,137.5,134.0,135.0,3.0,134.5,14,135.0,36,31.69
4746,2021-12-17,617862,371,35824815,57.9,58.5,57.6,58.0,0.4,57.8,7,58.1,11,5.4
4755,2021-12-17,4535181,3501,509454878,111.0,116.0,108.5,112.0,2.5,112.0,23,112.5,6,24.19
4763,2021-12-17,50281,58,5161663,103.5,104.0,102.0,102.0,1.5,101.5,16,102.0,3,11.81
4764,2021-12-17,16544,25,974779,59.4,59.4,58.8,59.3,0.9,58.8,1,59.1,1,43.6
4766,2021-12-17,24233,25,3366613,140.0,140.0,138.5,138.5,0.5,138.5,6,140.0,3,15.42
4807,2021-12-17,106500,78,2881303,26.8,27.45,26.8,27.15,0.2,27.1,5,27.15,1,10.73
4904,2021-12-17,3104411,1454,196590169,63.0,63.5,62.9,63.5,0.2,63.4,2,63.5,225,22.92
4906,2021-12-17,12368110,6028,372523075,30.55,30.6,29.7,29.95,0.65,29.9,125,29.95,218,21.09
4912,2021-12-17,167319,743,25958000,157.5,157.5,154.0,155.5,1.0,155.0,2,155.5,7,14.33
4915,2021-12-17,4975797,3546,269487111,54.1,54.7,53.7,54.2,0.5,54.1,1,54.2,27,11.36
4916,2021-12-17,1988368,1386,64361548,32.85,33.2,31.9,31.95,1.1,31.95,25,32.0,1,122.88
4919,2021-12-17,8270805,6369,1191487269,145.5,146.0,142.5,144.5,2.5,144.0,24,144.5,68,30.81
4927,2021-12-17,16699225,8925,1762163901,101.0,108.5,99.6,108.0,5.5,108.0,17,108.5,500,19.82
4930,2021-12-17,218495,275,5395479,24.65,24.85,24.6,24.6,0.1,24.6,42,24.75,3,7.21
4934,2021-12-17,1959097,1572,66847694,34.55,34.7,33.8,33.8,1.2,33.8,163,33.85,3,0.0
4935,2021-12-17,254551,281,19830399,78.3,78.3,77.5,77.5,0.8,77.5,5,78.1,1,7.28
4938,2021-12-17,6435671,2859,438154824,67.9,68.3,67.6,68.2,0.3,68.2,8,68.3,206,10.43
4942,2021-12-17,221067,159,10440677,47.5,47.5,47.05,47.3,0.2,47.25,1,47.3,1,7.31
4943,2021-12-17,482097,438,16348866,33.45,34.5,33.0,34.15,0.6,34.15,15,34.2,4,0.0
4952,2021-12-17,645134,501,43178588,67.6,67.9,66.5,66.5,1.9,66.5,21,66.6,1,12.55
4956,2021-12-17,1445214,965,37650701,26.3,26.5,25.8,25.85,0.75,25.8,51,25.85,3,18.08
4958,2021-12-17,1944930,1850,191062741,98.6,99.3,97.6,98.5,0.2,98.4,1,98.5,23,10.23
4960,2021-12-17,4943736,1639,63402441,12.9,12.95,12.75,12.75,0.25,12.75,238,12.8,25,10.12
4961,2021-12-17,16728458,19448,4805422679,285.0,291.0,282.0,290.5,3.5,290.0,10,290.5,71,11.05
4967,2021-12-17,1349515,887,64158520,47.9,48.2,47.1,48.2,0.15,47.8,2,48.2,5,36.79
4968,2021-12-17,1815387,2853,501648936,279.0,280.0,271.0,280.0,0.5,279.0,1,280.0,3,28.6
4976,2021-12-17,1690765,1229,117852658,69.6,70.7,68.9,69.2,0.5,69.2,17,69.4,3,276.8
4977,2021-12-17,89930,77,7674738,86.0,86.0,85.0,85.0,1.0,85.0,7,85.3,2,16.04
4989,2021-12-17,751872,1983,32724803,44.05,44.2,43.05,43.15,1.3,43.15,15,43.3,12,15.36
4994,2021-12-17,4723233,2294,315521169,62.3,67.5,62.3,67.5,6.1,67.5,75,,0,27.11
4999,2021-12-17,71770,130,2935790,40.8,40.95,40.8,40.9,0.1,40.85,6,40.9,1,11.72
5007,2021-12-17,20581,18,1161920,56.3,56.6,56.3,56.5,0.3,56.4,1,56.5,4,17.02
5203,2021-12-17,68891,200,6174075,90.8,90.8,89.2,89.2,1.4,89.2,6,89.6,1,44.16
5215,2021-12-17,242987,257,18892553,79.2,79.2,77.2,77.3,1.8,77.3,3,77.5,1,6.96
5222,2021-12-17,470301,481,98140109,210.5,212.0,207.0,207.0,4.0,207.0,34,208.0,5,51.11
5225,2021-12-17,242000,97,5430100,22.7,22.95,21.85,21.85,0.85,21.85,1,22.3,1,0.0
5234,2021-12-17,1105734,863,140657059,129.0,131.5,124.0,126.0,2.0,125.5,2,126.0,4,19.6
5243,2021-12-17,1660322,1265,106587676,64.7,65.3,63.5,63.9,1.1,63.9,19,64.0,13,22.26
5258,2021-12-17,35629929,18200,1483893463,42.5,43.0,39.5,40.1,0.6,40.05,203,40.1,4,20.67
5269,2021-12-17,414838,664,761021580,1870.0,1870.0,1815.0,1815.0,60.0,1815.0,23,1825.0,7,39.07
5283,2021-12-17,40141,134,4713586,117.5,117.5,117.0,117.5,0.5,117.5,4,118.0,28,10.62
5284,2021-12-17,25085,11,1111157,44.0,44.65,44.0,44.65,0.3,44.15,2,44.7,2,13.09
5285,2021-12-17,1254466,1028,126975699,102.0,102.5,100.5,101.5,1.0,101.5,10,102.0,35,21.97
5288,2021-12-17,33000,28,4839500,147.0,147.5,146.0,146.0,1.0,146.0,3,146.5,2,13.27
5388,2021-12-17,2515574,735,171149481,68.5,69.0,67.5,68.0,0.8,68.0,12,68.1,23,21.59
5434,2021-12-17,287108,291,42160136,148.0,148.0,146.0,146.5,2.0,146.5,6,147.0,4,12.05
5469,2021-12-17,931901,508,41106461,44.15,44.4,43.95,44.05,0.2,44.05,5,44.1,5,6.14
5471,2021-12-17,695367,1134,63129038,90.7,91.0,90.4,91.0,0.6,90.9,3,91.0,9,10.62
5484,2021-12-17,27110,48,438234,16.05,16.5,16.05,16.35,0.3,15.95,1,16.3,2,0.0
5515,2021-12-17,331101,127,4555487,13.8,13.85,13.7,13.7,0.1,13.7,60,13.75,70,7.57
5519,2021-12-17,407296,174,8677070,21.1,21.45,21.1,21.2,0.15,21.2,19,21.25,5,9.42
5521,2021-12-17,822089,380,6943305,8.44,8.47,8.41,8.42,0.02,8.42,29,8.43,2,0.0
5522,2021-12-17,2028935,1252,126938911,62.6,64.1,61.3,64.1,1.5,64.1,15,64.2,1,10.42
5525,2021-12-17,98738,125,2806151,28.8,28.8,28.3,28.4,0.25,28.4,3,28.45,1,0.0
5531,2021-12-17,484691,243,5266448,10.8,10.95,10.8,10.85,0.05,10.85,14,10.9,7,1085.0
5533,2021-12-17,53449,36,1011984,19.05,19.05,18.9,18.9,0.15,18.9,9,18.95,8,9.79
5534,2021-12-17,480430,274,34300488,71.5,71.6,71.2,71.4,0.3,71.3,24,71.4,27,15.06
5538,2021-12-17,276694,188,14965515,54.0,54.6,53.4,53.6,0.2,53.6,1,53.7,2,8.93
5546,2021-12-17,29147,28,1690335,58.5,58.7,57.5,58.7,0.5,57.6,2,58.8,2,12.93
5607,2021-12-17,2206001,1625,148872043,67.5,68.4,66.1,67.5,0.7,67.4,7,67.5,28,26.79
5608,2021-12-17,13862988,8172,657055344,46.75,48.35,46.45,46.45,0.05,46.45,56,46.5,60,10.49
5706,2021-12-17,67988,76,2914882,43.45,43.45,42.7,42.8,0.45,42.8,1,42.9,3,41.15
5871,2021-12-17,2562993,1372,649013013,250.0,254.5,250.0,254.5,3.0,254.0,45,254.5,79,19.85
5871A,2021-12-17,74434,76,7532888,101.0,101.5,101.0,101.5,0.5,101.0,104,101.5,405,0.0
5876,2021-12-17,3217563,962,152009119,47.0,47.35,46.8,47.35,0.35,47.3,29,47.35,439,15.08
5880,2021-12-17,12520519,4090,313241247,24.9,25.1,24.85,25.1,0.2,25.0,426,25.1,901,16.62
5906,2021-12-17,6103,8,232824,38.0,38.45,38.0,38.45,0.1,37.8,1,38.45,1,11.62
5907,2021-12-17,67000,57,1198800,17.95,18.0,17.8,17.8,0.05,17.8,9,17.85,1,80.91
6005,2021-12-17,2578253,601,42317044,16.45,16.5,16.35,16.4,0.05,16.4,35,16.45,42,6.8
6024,2021-12-17,75768,68,2923003,38.65,38.65,38.5,38.6,0.0,38.55,24,38.6,14,15.2
6108,2021-12-17,197813,114,4175728,21.3,21.35,21.05,21.1,0.2,21.05,27,21.1,5,22.45
6112,2021-12-17,39917,50,1550825,38.85,39.05,38.75,38.8,0.05,38.8,1,38.85,9,12.6
6115,2021-12-17,55330,46,2359209,42.7,42.75,42.6,42.65,0.05,42.65,3,42.7,9,15.4
6116,2021-12-17,64835308,17745,1088866313,16.45,17.05,16.3,16.9,0.4,16.9,291,16.95,758,5.15
6117,2021-12-17,361650,379,5968022,15.55,16.8,15.5,16.8,1.5,16.8,12,,0,0.0
6120,2021-12-17,11855426,4471,167154696,14.5,14.55,13.85,14.0,0.85,14.0,152,14.05,14,0.0
6128,2021-12-17,132021,71,3825157,29.3,29.3,28.9,28.95,0.35,28.95,2,29.0,13,12.27
6133,2021-12-17,2153527,840,21519673,10.0,10.3,9.78,10.0,0.0,10.0,15,10.1,5,0.0
6136,2021-12-17,352585,195,6554200,18.8,18.8,18.45,18.65,0.05,18.55,1,18.65,5,30.57
6139,2021-12-17,179110,100,5053816,28.2,28.35,28.15,28.2,0.05,28.15,30,28.2,1,29.07
6142,2021-12-17,689775,242,7633398,11.15,11.2,10.95,11.1,0.05,11.05,6,11.1,19,0.0
6152,2021-12-17,1558802,642,17650089,11.6,11.6,11.25,11.25,0.35,11.2,131,11.25,113,0.0
6153,2021-12-17,2129159,1218,54166582,25.45,25.85,25.0,25.2,0.15,25.15,26,25.2,23,114.55
6155,2021-12-17,80178,67,1943513,24.5,24.5,24.1,24.1,0.45,24.1,11,24.25,2,33.94
6164,2021-12-17,1366371,797,21676862,16.25,16.25,15.65,15.7,0.6,15.7,9,15.75,9,49.06
6165,2021-12-17,1574007,932,64104987,40.4,41.7,40.0,40.05,0.15,40.0,29,40.05,2,9.36
6166,2021-12-17,48062,104,2992415,63.1,63.1,61.6,62.8,0.2,62.3,6,62.8,4,153.17
6168,2021-12-17,4365945,2871,119511530,28.0,28.1,26.95,27.1,1.3,27.1,28,27.15,5,15.31
6176,2021-12-17,3824778,2952,378254707,97.7,99.3,97.5,99.1,1.0,99.0,4,99.1,23,8.41
6177,2021-12-17,140525,98,4210888,29.95,30.0,29.9,30.0,0.05,29.95,13,30.0,10,16.39
6183,2021-12-17,280488,139,14269505,50.1,51.7,50.1,51.0,0.7,50.7,3,51.4,1,19.47
6184,2021-12-17,16820,24,740569,43.95,44.15,43.95,44.1,0.15,44.05,2,44.1,4,14.13
6189,2021-12-17,142645,124,5826180,40.85,40.9,40.8,40.85,0.0,40.8,10,40.85,4,10.39
6191,2021-12-17,3020403,2827,112210234,37.45,37.45,37.0,37.05,0.4,37.0,200,37.1,6,6.16
6192,2021-12-17,82484,80,5851217,70.9,71.3,70.6,70.7,0.2,70.7,5,70.8,1,9.18
6196,2021-12-17,3114999,2546,482234919,152.0,157.0,152.0,155.0,0.5,154.5,19,155.0,3,23.07
6197,2021-12-17,573326,340,22093178,38.3,38.75,38.3,38.6,0.4,38.6,11,38.65,40,15.32
6201,2021-12-17,4001,5,174843,43.7,43.7,43.7,43.7,0.0,43.65,2,43.7,2,11.78
6202,2021-12-17,1747857,950,183287288,104.0,105.5,103.0,105.5,0.5,105.5,27,106.0,178,12.32
6205,2021-12-17,2470706,1487,160211414,65.3,66.0,64.0,64.8,2.0,64.7,1,64.8,15,36.2
6206,2021-12-17,913896,1011,74065190,83.0,83.0,80.1,81.0,2.0,80.9,6,81.0,7,21.32
6209,2021-12-17,4294903,2968,156119217,36.55,36.95,35.75,36.2,1.1,36.15,30,36.2,84,0.0
6213,2021-12-17,1832313,1271,232801513,126.0,128.0,125.5,128.0,1.5,127.5,27,128.0,25,15.74
6214,2021-12-17,1098391,983,91801458,84.2,84.2,83.3,83.3,0.3,83.3,44,83.9,9,14.64
6215,2021-12-17,319518,253,9387528,29.85,29.85,29.2,29.3,0.55,29.3,20,29.4,2,9.77
6216,2021-12-17,116364,79,3144963,27.15,27.15,26.95,27.05,0.15,27.05,8,27.1,2,17.68
6224,2021-12-17,579529,638,72203716,126.0,126.5,123.0,123.5,2.0,123.5,13,124.0,7,19.06
6225,2021-12-17,3123,26,21978,7.07,7.07,7.0,7.0,0.05,6.7,1,7.0,1,0.0
6226,2021-12-17,4391977,2198,70575163,16.45,16.55,15.85,15.85,0.55,15.85,70,15.9,24,132.08
6230,2021-12-17,23021,37,3799996,168.5,168.5,163.5,164.0,3.0,163.5,5,167.0,1,26.07
6235,2021-12-17,5417851,2808,173890262,32.3,32.9,31.45,31.45,0.85,31.45,6,31.5,11,36.15
6239,2021-12-17,6389769,2681,615675262,96.6,97.5,96.0,96.2,0.8,96.1,255,96.2,1,9.18
6243,2021-12-17,4045102,3279,242747062,61.4,63.4,57.5,58.6,3.4,58.6,3,58.7,1,136.28
6251,2021-12-17,3920868,1966,89410767,23.0,23.1,22.55,22.65,0.55,22.65,28,22.7,45,19.7
6257,2021-12-17,2218886,1560,128578247,57.8,58.5,57.6,57.6,0.0,57.6,64,57.8,5,10.03
6269,2021-12-17,1383548,809,141775393,102.0,103.0,101.5,103.0,0.5,102.5,4,103.0,34,11.92
6271,2021-12-17,1784203,1676,504625983,284.5,286.0,280.0,285.0,0.5,284.5,19,285.0,7,20.18
6277,2021-12-17,126381,94,10267027,81.3,81.6,81.0,81.0,0.3,81.0,23,81.2,1,17.02
6278,2021-12-17,1789449,1540,205446420,116.0,116.5,114.0,114.5,2.0,114.5,48,115.0,44,10.67
6281,2021-12-17,23985,39,1976354,82.5,82.5,82.3,82.3,0.1,82.3,4,82.5,2,14.64
6282,2021-12-17,12434888,7871,438409206,35.55,36.0,34.8,35.2,0.8,35.15,1,35.2,16,46.93
6283,2021-12-17,411931,313,18600345,45.2,45.9,44.9,44.9,0.3,44.9,8,45.0,1,0.0
6285,2021-12-17,3256405,2543,247182339,77.1,77.2,75.1,75.5,1.8,75.5,2,75.6,13,24.2
6288,2021-12-17,586678,421,15797016,27.1,27.2,26.7,26.85,0.35,26.8,13,26.95,3,122.05
6289,2021-12-17,180613,48,456850,2.5,2.54,2.5,2.52,0.01,2.52,19,2.54,36,0.0
6405,2021-12-17,105000,83,2867700,27.7,27.7,27.05,27.5,0.35,27.35,2,27.5,3,39.86
6409,2021-12-17,369040,323,557099855,1520.0,1570.0,1495.0,1500.0,10.0,1495.0,5,1505.0,6,60.07
6412,2021-12-17,867525,745,66407249,77.6,77.7,75.7,76.5,1.6,76.2,3,76.6,3,11.37
6414,2021-12-17,2003247,3703,477739196,236.5,241.0,234.0,240.5,2.0,240.0,1,240.5,1,19.1
6415,2021-12-17,515788,990,2399684230,4490.0,4710.0,4470.0,4685.0,135.0,4680.0,9,4685.0,1,80.93
6416,2021-12-17,136325,146,13577187,101.0,101.0,98.8,99.2,0.8,99.2,2,99.5,1,30.34
6426,2021-12-17,78368,97,5576446,72.0,72.0,70.4,70.9,1.1,70.9,4,71.2,3,157.56
6431,2021-12-17,24000,15,710750,29.6,29.7,29.6,29.6,0.0,29.6,2,29.65,1,52.86
6438,2021-12-17,467992,364,48902033,105.0,105.5,103.5,103.5,2.5,103.5,38,104.0,5,11.77
6442,2021-12-17,13535,10,482363,35.75,36.05,35.6,36.05,0.25,35.6,3,36.45,2,43.43
6443,2021-12-17,63981783,29209,2709272026,41.7,42.9,41.7,41.9,0.5,41.9,561,41.95,1,0.0
6449,2021-12-17,59219,60,3356169,56.2,57.1,55.5,56.9,0.3,56.8,1,56.9,2,17.19
6451,2021-12-17,656931,344,60464385,93.2,93.2,91.3,91.6,1.6,91.5,18,91.8,7,14.07
6456,2021-12-17,1381374,984,142142314,103.0,103.5,102.0,103.5,0.0,103.0,19,103.5,49,7.96
6464,2021-12-17,53872,50,5064655,94.4,94.4,93.7,94.3,0.1,94.1,4,94.3,6,12.01
6477,2021-12-17,8057196,4551,390632718,48.6,49.2,47.75,48.0,0.35,48.0,25,48.1,2,40.68
6491,2021-12-17,940945,1399,378182670,413.0,418.0,394.0,394.5,19.0,394.5,6,395.0,3,23.75
6504,2021-12-17,180720,154,20402871,114.5,114.5,111.5,111.5,1.5,111.5,16,113.5,2,13.85
6505,2021-12-17,4099395,1250,391281199,95.1,96.0,94.8,95.9,0.8,95.7,26,95.9,43,17.56
6515,2021-12-17,290159,339,108375011,375.0,380.5,369.0,372.5,12.5,372.0,1,374.0,1,34.24
6525,2021-12-17,529566,684,47395649,91.3,91.3,89.1,89.2,2.0,89.1,25,89.3,1,13.79
6531,2021-12-17,3322262,4032,1604467686,488.5,489.0,480.0,480.5,15.5,480.5,17,481.0,14,34.59
6533,2021-12-17,872772,885,456721080,522.0,532.0,517.0,524.0,6.0,524.0,2,525.0,4,105.43
6541,2021-12-17,4133194,3081,283754660,72.5,72.9,65.7,67.1,5.8,67.0,17,67.2,1,0.0
6552,2021-12-17,82976,93,4399681,53.4,53.4,52.7,53.0,0.6,52.9,1,53.1,1,14.85
6558,2021-12-17,93448,130,2973554,31.85,32.1,31.7,31.75,0.5,31.75,2,31.8,1,48.11
6573,2021-12-17,175622,129,3923512,22.8,22.8,22.15,22.2,0.6,22.2,7,22.3,3,0.0
6579,2021-12-17,8000,7,534900,66.2,67.6,66.2,66.4,0.6,66.4,2,67.2,2,37.3
6581,2021-12-17,115001,83,9333880,80.8,81.8,80.8,81.2,0.6,81.1,1,81.2,3,16.61
6582,2021-12-17,263273,256,42196908,162.5,162.5,159.0,161.0,2.0,160.5,3,161.0,1,4.23
6591,2021-12-17,85722,111,4674782,55.4,55.4,54.3,54.3,0.8,54.3,3,54.5,2,7.37
6592,2021-12-17,1351369,544,122971740,90.9,91.6,90.1,91.6,0.7,91.0,5,91.6,15,15.99
6598,2021-12-17,513879,305,23330099,45.4,45.4,45.4,45.4,4.1,45.4,2534,,0,0.0
6605,2021-12-17,146401,173,8939329,61.2,61.4,60.8,60.8,0.5,60.8,12,61.1,5,9.77
6625,2021-12-17,143135,125,4829812,34.3,34.5,33.05,33.8,0.5,33.45,2,33.8,1,0.0
6641,2021-12-17,25548,27,1555257,60.9,61.1,60.7,61.0,0.6,60.3,1,60.7,1,9.65
6655,2021-12-17,3001,4,239180,79.7,79.7,79.7,79.7,0.0,78.2,1,79.7,3,12.08
6666,2021-12-17,30055,26,2099144,70.2,70.2,69.3,69.3,0.5,69.3,2,69.7,1,29.87
6668,2021-12-17,923273,915,53904352,58.2,59.5,57.7,58.1,0.1,58.1,2,58.2,4,0.0
6669,2021-12-17,385786,483,406973900,1045.0,1065.0,1045.0,1065.0,10.0,1060.0,1,1065.0,42,21.24
6670,2021-12-17,484264,360,95009763,196.0,199.0,195.5,196.0,0.0,196.0,1,197.0,2,11.36
6671,2021-12-17,6000,6,289000,48.2,48.4,48.05,48.15,0.15,47.95,1,48.3,1,12.87
6672,2021-12-17,403573,384,50327082,125.5,126.0,123.5,124.5,2.0,124.0,30,125.0,14,11.38
6674,2021-12-17,17000,16,530850,31.65,31.65,31.0,31.35,0.05,31.1,1,31.3,1,46.1
6698,2021-12-17,9236735,4747,507762417,54.9,56.6,53.1,56.6,0.0,56.5,73,56.6,30,106.79
6706,2021-12-17,8857124,10194,1957009002,230.5,234.0,214.5,216.0,19.5,216.0,90,216.5,11,18.78
6715,2021-12-17,45004,38,5177458,115.5,116.5,114.0,115.0,2.0,115.0,6,115.5,1,32.76
6743,2021-12-17,125782,146,9081391,72.5,72.8,71.9,72.3,0.5,72.1,6,72.5,4,92.69
6754,2021-12-17,51000,40,2081650,40.85,40.9,40.7,40.85,0.05,40.75,1,40.85,2,15.42
6756,2021-12-17,1181800,2077,618784464,526.0,530.0,517.0,524.0,9.0,521.0,1,524.0,2,49.34
6768,2021-12-17,48010,38,3194565,66.5,66.8,66.2,66.5,0.4,66.5,6,66.7,2,31.82
6770,2021-12-17,14418197,8921,1008099206,70.0,70.3,69.7,69.9,0.7,69.8,207,69.9,165,32.82
6776,2021-12-17,50707,57,2123218,42.1,42.1,41.6,41.75,0.35,41.9,2,42.0,7,12.32
6781,2021-12-17,336516,748,534192820,1580.0,1630.0,1555.0,1560.0,40.0,1550.0,2,1565.0,5,147.45
6790,2021-12-17,92645,109,4537538,49.0,49.0,48.9,48.95,0.05,48.95,2,49.0,12,8.59
6792,2021-12-17,3166036,2844,686434648,223.5,229.0,206.0,223.0,5.5,222.0,1,223.0,4,42.4
6806,2021-12-17,729913,555,76574764,105.0,107.0,103.5,105.0,0.5,105.0,11,105.5,2,25.99
8011,2021-12-17,1255346,650,24864914,20.2,20.2,19.6,19.7,0.5,19.7,45,19.75,17,0.0
8016,2021-12-17,11978948,15818,3959580509,322.0,340.0,318.0,332.0,8.0,331.5,115,332.0,7,8.44
8021,2021-12-17,6962339,5239,288077580,43.25,43.25,40.75,40.75,2.5,40.75,122,40.8,153,12.94
8028,2021-12-17,608719,435,29501316,48.9,48.9,48.25,48.4,0.65,48.35,7,48.55,2,42.09
8033,2021-12-17,1946325,1079,33304038,17.55,17.55,16.9,17.05,0.55,17.05,9,17.1,12,63.15
8039,2021-12-17,477372,382,21877481,46.15,46.2,45.65,45.65,0.5,45.65,25,45.7,5,11.56
8046,2021-12-17,3171971,3141,1803338630,569.0,579.0,561.0,565.0,7.0,564.0,34,565.0,20,43.73
8070,2021-12-17,1423388,810,46235657,33.05,33.05,32.2,32.2,0.85,32.2,48,32.35,13,14.91
8072,2021-12-17,26743,62,656040,24.5,24.65,24.45,24.5,0.0,24.4,2,24.65,5,98.0
8081,2021-12-17,381057,2331,97187890,257.0,257.5,253.5,254.5,3.5,254.0,9,254.5,1,11.63
8101,2021-12-17,1137224,236,3490428,3.02,3.12,3.02,3.12,0.12,3.12,30,3.13,77,0.0
8103,2021-12-17,1667927,1119,80443455,48.75,49.2,47.75,47.75,1.25,47.75,28,47.8,20,12.34
8104,2021-12-17,3701600,2890,242198740,65.2,66.7,63.6,66.7,0.5,66.5,29,66.7,8,20.46
8105,2021-12-17,1335298,592,17570456,13.35,13.35,13.0,13.15,0.2,13.15,3,13.2,84,0.0
8110,2021-12-17,3778039,1636,69987073,18.6,18.9,18.25,18.4,0.25,18.4,94,18.45,37,76.67
8112,2021-12-17,3548311,2166,168681564,47.25,47.75,47.15,47.7,0.55,47.65,9,47.7,372,7.52
8114,2021-12-17,3418867,2799,447611116,131.0,135.5,126.5,126.5,1.5,126.5,35,127.5,2,28.88
8131,2021-12-17,206005,132,7949495,38.65,38.75,38.45,38.7,0.05,38.6,1,38.7,13,11.8
8150,2021-12-17,6797036,4422,316272979,46.6,47.1,46.1,46.2,0.45,46.2,11,46.25,1,7.76
8163,2021-12-17,4815931,3837,235308202,49.55,49.55,48.3,48.8,1.05,48.8,4,48.85,6,12.54
8201,2021-12-17,1313047,419,22900110,17.2,17.7,17.1,17.1,0.3,17.1,32,17.2,5,8.18
8210,2021-12-17,47098,44,3434148,73.0,73.2,72.8,73.2,0.4,73.0,1,73.2,1,10.21
8213,2021-12-17,1620472,967,77670894,47.6,48.3,47.55,48.0,0.55,47.95,5,48.0,6,7.93
8215,2021-12-17,7892280,4933,299861973,38.55,38.75,37.65,37.7,0.9,37.7,117,37.75,23,13.76
8222,2021-12-17,105630,95,1578795,15.05,15.05,14.8,14.9,0.15,14.9,2,14.95,2,0.0
8249,2021-12-17,122827,85,2998517,24.45,24.55,24.3,24.45,0.0,24.4,1,24.45,1,13.66
8261,2021-12-17,4111333,4358,452408365,111.5,113.0,108.0,108.5,2.5,108.5,59,109.0,32,16.98
8271,2021-12-17,509000,572,23642764,47.0,47.05,46.1,46.2,0.7,46.2,1,46.25,8,10.22
8341,2021-12-17,39030,153,7769339,199.0,199.5,198.5,199.0,0.0,199.0,5,199.5,4,23.14
8367,2021-12-17,177064,146,9736335,54.9,55.5,54.5,54.6,0.1,54.6,1,54.9,5,7.59
8374,2021-12-17,21173,23,634556,30.15,30.15,29.9,29.9,0.25,29.9,8,30.05,2,22.48
8404,2021-12-17,184689,127,6226857,33.5,33.95,33.5,33.95,0.4,33.65,11,33.95,4,8.75
8411,2021-12-17,96219,179,1534928,16.05,16.05,15.8,15.8,0.3,15.8,8,16.05,10,26.33
8422,2021-12-17,1398268,1098,326996255,233.0,238.0,231.0,233.5,0.5,233.0,13,233.5,1,20.48
8427,2021-12-17,8000,7,585700,73.1,73.3,73.1,73.2,0.1,73.1,4,73.3,5,0.0
8429,2021-12-17,774628,462,10332451,13.2,13.6,13.1,13.1,0.05,13.1,12,13.15,21,0.0
8442,2021-12-17,16000,11,707800,44.95,44.95,43.9,44.25,0.1,44.1,1,44.2,1,0.0
8443,2021-12-17,123810,151,1485529,12.1,12.1,11.9,12.0,0.05,11.95,3,12.0,14,0.0
8454,2021-12-17,1026433,1250,1639238595,1620.0,1635.0,1590.0,1595.0,10.0,1590.0,69,1595.0,14,97.61
8462,2021-12-17,46381,99,6252683,135.0,135.0,134.5,134.5,1.0,134.5,1,135.0,1,0.0
8463,2021-12-17,11000,7,336400,30.2,30.95,30.2,30.65,0.1,30.65,1,30.8,1,0.0
8464,2021-12-17,270527,199,109865560,408.0,409.5,403.0,407.0,2.0,406.0,1,407.0,12,23.03
8466,2021-12-17,23052,24,1209048,51.8,52.8,51.8,52.8,0.0,52.7,1,52.8,1,38.26
8467,2021-12-17,6000,6,233650,39.05,39.05,38.6,38.6,1.05,38.7,3,39.35,1,26.81
8473,2021-12-17,43954,49,1460728,33.3,33.3,33.15,33.2,0.1,33.2,2,33.25,3,43.12
8478,2021-12-17,11526204,8887,2023987129,177.0,184.5,162.0,171.0,0.0,171.0,2,171.5,28,19.91
8480,2021-12-17,17000,11,1768000,104.0,104.0,104.0,104.0,0.0,104.0,1,105.0,1,13.21
8481,2021-12-17,21041,16,1538013,74.3,74.3,71.7,73.2,0.3,73.0,1,73.5,5,10.58
8482,2021-12-17,17000,16,1309200,77.0,77.4,76.7,77.1,0.0,76.8,2,77.1,1,10.62
8488,2021-12-17,2000,2,31950,16.0,16.0,15.95,15.95,0.2,15.9,9,16.15,1,12.27
8499,2021-12-17,20251,35,2525019,125.0,125.0,124.0,125.0,0.0,124.5,2,125.0,4,10.0
8926,2021-12-17,352423,316,13218843,37.6,37.6,37.45,37.6,0.05,37.55,14,37.6,63,26.11
8940,2021-12-17,16425,108,212833,12.9,13.0,12.85,12.85,0.05,12.85,1,12.9,2,0.0
8996,2021-12-17,350379,276,21545300,61.1,62.2,60.8,61.7,0.1,61.6,3,61.7,4,41.41
9103,2021-12-17,13712670,5616,216977979,15.5,16.3,15.4,15.4,0.4,15.35,40,15.4,12,0.0
910322,2021-12-17,7000,7,184350,26.05,26.8,26.0,26.75,0.45,26.6,4,27.3,10,0.0
9105,2021-12-17,6369301,1484,29256380,4.63,4.67,4.55,4.55,0.12,4.55,549,4.56,49,0.0
910861,2021-12-17,79000,33,595510,7.6,7.6,7.47,7.49,0.16,7.49,2,7.7,2,0.0
9110,2021-12-17,16271,17,47535,2.94,2.94,2.91,2.94,0.0,2.9,17,2.94,19,0.0
911608,2021-12-17,80000,22,287910,3.62,3.65,3.54,3.59,0.02,3.55,6,3.59,3,0.0
911622,2021-12-17,114000,39,693830,6.1,6.11,6.05,6.08,0.05,6.07,7,6.08,4,0.0
911868,2021-12-17,126000,43,160820,1.28,1.3,1.27,1.27,0.01,1.27,37,1.28,10,0.0
912000,2021-12-17,891300,113,2603166,2.93,2.94,2.91,2.92,0.01,2.92,458,2.93,16,0.0
9136,2021-12-17,831306,205,4810289,5.82,5.85,5.75,5.78,0.07,5.77,243,5.78,16,0.0
9188,2021-12-17,32010,13,94778,2.97,2.97,2.96,2.96,0.01,2.96,14,2.97,81,0.0
9802,2021-12-17,1120299,825,103997567,94.9,94.9,92.0,92.3,2.6,92.3,10,92.4,11,17.42
9902,2021-12-17,154131,79,2050834,13.4,13.4,13.25,13.3,0.1,13.3,13,13.35,10,11.47
9904,2021-12-17,6480606,2031,210966183,32.55,32.75,32.5,32.5,0.1,32.5,409,32.55,33,7.16
9905,2021-12-17,56479,72,1475098,26.2,26.2,26.05,26.1,0.1,26.1,8,26.15,7,13.45
9906,2021-12-17,60418,60,4075478,68.4,68.4,66.9,67.5,0.6,67.5,1,67.7,2,33.25
9907,2021-12-17,3511969,955,48236010,13.6,13.85,13.6,13.75,0.15,13.7,81,13.75,33,15.28
9908,2021-12-17,77440,60,2557547,33.05,33.1,33.0,33.0,0.05,33.0,34,33.05,1,20.62
9910,2021-12-17,783369,850,171770842,224.5,224.5,216.0,220.0,1.0,219.0,1,220.0,61,46.91
9911,2021-12-17,177720,177,12027128,67.6,68.0,67.5,67.8,0.2,67.7,11,67.8,4,13.89
9912,2021-12-17,63796,49,613912,9.7,9.7,9.56,9.64,0.03,9.59,11,9.64,2,0.0
9914,2021-12-17,422904,353,133091261,312.5,316.0,310.5,315.5,3.5,315.0,153,315.5,10,21.74
9917,2021-12-17,433080,370,44154957,102.5,103.5,101.5,101.5,1.0,101.5,32,102.0,6,17.59
9918,2021-12-17,24244,23,1021519,42.1,42.15,42.05,42.05,0.1,42.0,8,42.7,2,22.37
9919,2021-12-17,9359518,4948,246792722,26.2,27.0,25.8,25.95,0.65,25.95,133,26.0,27,17.19
9921,2021-12-17,527241,497,174441738,327.0,334.5,327.0,329.5,1.0,329.5,12,330.5,2,20.1
9924,2021-12-17,54520,147,2231110,40.9,41.1,40.85,40.9,0.0,40.9,7,40.95,7,11.39
9925,2021-12-17,29350,36,1152780,39.3,39.35,39.2,39.3,0.1,39.25,1,39.3,2,15.98
9926,2021-12-17,7001,5,340248,48.6,48.6,48.6,48.6,0.2,48.5,2,48.7,5,20.25
9927,2021-12-17,115949,110,4450891,38.5,38.55,38.25,38.25,0.25,38.25,1,38.45,1,8.63
9928,2021-12-17,53576,34,337757,6.29,6.33,6.29,6.33,0.08,6.0,9,6.33,4,0.0
9929,2021-12-17,21220,17,198596,9.46,9.46,9.32,9.43,0.03,9.33,1,9.43,3,0.0
9930,2021-12-17,27298,38,1218935,44.75,44.75,44.55,44.7,0.1,44.6,17,44.75,10,15.31
9931,2021-12-17,1052,4,42254,40.1,40.1,40.1,40.1,0.2,39.85,4,40.1,1,21.91
9933,2021-12-17,1963009,1280,71710038,36.35,36.75,36.2,36.7,0.3,36.65,17,36.7,18,21.72
9934,2021-12-17,480302,108,7071950,14.6,14.85,14.6,14.7,0.1,14.7,5,14.75,17,17.5
9935,2021-12-17,238012,85,4756480,19.75,20.1,19.75,20.0,0.25,20.0,3,20.05,17,20.2
9937,2021-12-17,4206060,20,204836338,48.65,49.15,48.6,49.0,0.05,48.9,1,49.1,1,18.56
9938,2021-12-17,773038,527,62755822,80.7,81.4,80.6,81.4,0.7,81.2,9,81.4,8,11.97
9939,2021-12-17,753101,622,52512867,69.2,70.1,69.1,70.0,0.9,69.9,22,70.1,16,10.56
9940,2021-12-17,4594348,2962,167349509,35.4,37.2,35.2,36.6,1.2,36.5,12,36.6,16,11.77
9941,2021-12-17,313330,379,53251693,168.5,172.0,168.0,169.5,0.5,169.5,22,172.0,16,17.96
9941A,2021-12-17,15731,14,804078,51.3,51.3,51.1,51.2,0.1,51.0,38,51.2,3,0.0
9942,2021-12-17,132003,142,12011622,91.0,91.6,90.4,90.6,0.4,90.6,2,90.7,2,13.87
9943,2021-12-17,66207,96,3995486,60.3,60.5,60.2,60.5,0.2,60.4,3,60.5,8,242.0
9944,2021-12-17,245575,91,5801065,23.55,23.8,23.5,23.8,0.1,23.75,12,23.8,51,72.12
9945,2021-12-17,4541821,2294,279115483,61.1,62.0,61.0,61.3,0.5,61.3,565,61.4,54,8.65
9946,2021-12-17,344461,159,5138798,15.05,15.05,14.8,14.9,0.15,14.9,1,14.95,10,35.48
9955,2021-12-17,295851,288,5117409,16.9,17.6,16.9,17.4,0.5,17.35,17,17.4,3,0.0
9958,2021-12-17,13764119,8858,1603219291,111.0,119.5,110.5,116.5,5.5,116.0,131,116.5,17,19.32
